"pitcher","team","abbreviation","throws","era","fip","xfip","siera"
"Ben Bowden","Athletics","ATH","","36.00","12.10","15.12","9.93"
"Brady Basso","Athletics","ATH","","5.36","3.55","3.86","3.99"
"Brooks Kriske","Athletics","ATH","","0.00","2.72","4.99","4.71"
"Carlos Cortes","Athletics","ATH","","10.61","11.03","7.93","7.28"
"Chris Roycroft","Athletics","ATH","","6.27","6.74","4.54","4.33"
"Drew Rom","Athletics","ATH","","4.60","3.10","4.12","3.70"
"Elvis Alvarado","Athletics","ATH","","4.00","4.71","4.08","3.51"
"Gage Jump","Athletics","ATH","L","5.47","4.01","4.02","4.12"
"Geoff Hartlieb","Athletics","ATH","","4.78","3.59","5.86","5.38"
"Hayden Juenger","Athletics","ATH","","9.00","4.04","6.58","6.16"
"Hogan Harris","Athletics","ATH","","3.33","4.08","3.87","3.69"
"J.T. Ginn","Athletics","ATH","","3.71","4.38","4.30","4.42"
"Jack Perkins","Athletics","ATH","","5.90","4.58","4.36","3.92"
"Jacob Lopez","Athletics","ATH","","5.47","5.22","5.12","4.77"
"Jeffrey Springs","Athletics","ATH","","6.18","6.02","4.90","4.84"
"Joe Rock","Athletics","ATH","","5.23","5.13","",""
"Joey Estes","Athletics","ATH","","11.05","9.65","4.03","4.27"
"José Suarez","Athletics","ATH","","5.87","3.85","4.15","3.99"
"Justin Sterner","Athletics","ATH","","6.12","5.49","4.15","3.75"
"Kade Morris","Athletics","ATH","","10.90","7.43","5.33","4.83"
"Luis Medina","Athletics","ATH","","3.08","3.57","3.81","3.51"
"Luis Morales","Athletics","ATH","","13.50","9.97","6.55","5.95"
"Luis Severino","Athletics","ATH","","4.16","4.47","4.14","4.31"
"Mark Leiter Jr.","Athletics","ATH","","4.28","2.95","3.48","3.18"
"Mason Barnett","Athletics","ATH","","7.02","6.66","5.19","4.81"
"Michael Kelly","Athletics","ATH","","16.20","6.90","6.11","5.77"
"Scott Barlow","Athletics","ATH","","6.48","6.43","5.73","4.78"
"Scott Blewett","Athletics","ATH","","2.80","3.33","3.23","3.29"
"Seth Johnson","Athletics","ATH","","6.19","4.63","4.61","4.21"
"Taylor Rashi","Athletics","ATH","","7.94","5.22","4.78","4.53"
"Yunior Tur","Athletics","ATH","","16.55","9.00","6.43","4.84"
"AJ Smith-Shawver","Atlanta Braves","ATL","","6.60","5.90","5.39","5.29"
"Bailey Falter","Atlanta Braves","ATL","","10.38","7.25","5.38","5.47"
"Blake Burkhalter","Atlanta Braves","ATL","","9.00","4.10","7.12","6.74"
"Brent Suter","Atlanta Braves","ATL","","3.48","3.61","3.59","3.64"
"Bryce Elder","Atlanta Braves","ATL","","4.11","4.62","4.18","4.41"
"Carlos Carrasco","Atlanta Braves","ATL","","5.94","5.50","4.70","4.74"
"Chris Sale","Atlanta Braves","ATL","","2.16","2.29","2.81","2.81"
"Danny Young","Atlanta Braves","ATL","","8.03","7.72","6.15","5.43"
"Didier Fuentes","Atlanta Braves","ATL","","2.45","2.60","2.89","2.62"
"Dylan Dodd","Atlanta Braves","ATL","","2.22","3.51","4.05","3.47"
"Dylan Lee","Atlanta Braves","ATL","","3.14","2.16","3.06","2.63"
"Elieser Hernández","Atlanta Braves","ATL","","2.45","6.55","5.34","4.47"
"Grant Holmes","Atlanta Braves","ATL","","3.44","4.75","4.48","4.69"
"Hurston Waldrep","Atlanta Braves","ATL","","8.44","8.44","5.92","5.64"
"Ian Hamilton","Atlanta Braves","ATL","","7.71","3.31","3.96","3.94"
"James Karinchak","Atlanta Braves","ATL","","1.86","4.34","5.34","4.90"
"Joel Payamps","Atlanta Braves","ATL","","8.22","5.71","4.87","4.17"
"Jorge Mateo","Atlanta Braves","ATL","","3.86","3.53","6.76","6.29"
"JR Ritchie","Atlanta Braves","ATL","R","4.79","5.54","4.90","4.95"
"Martín Pérez","Atlanta Braves","ATL","","3.04","4.32","4.40","4.78"
"Owen Murphy","Atlanta Braves","ATL","","6.00","6.93","4.91","4.33"
"Raisel Iglesias","Atlanta Braves","ATL","","2.59","3.17","3.70","3.37"
"Ray Kerr","Atlanta Braves","ATL","","1.47","3.97","4.83","4.33"
"Reynaldo López","Atlanta Braves","ATL","","4.54","4.39","4.35","4.32"
"Robert Suarez","Atlanta Braves","ATL","","0.82","2.46","3.40","3.36"
"Rolddy Muñoz","Atlanta Braves","ATL","","13.50","8.10","3.11","3.01"
"Spencer Strider","Atlanta Braves","ATL","","5.31","5.36","4.37","4.15"
"Tyler Mahle","Atlanta Braves","ATL","","3.99","3.99","3.85","4.01"
"Victor Mederos","Atlanta Braves","ATL","","3.62","3.01","4.76","4.00"
"Adrian Del Castillo","Arizona Diamondbacks","AZ","","5.40","4.90","8.52","7.67"
"Andrew Hoffmann","Arizona Diamondbacks","AZ","","7.71","6.70","5.29","4.78"
"Blake Walston","Arizona Diamondbacks","AZ","","3.00","4.77","6.78","6.99"
"Brandon Pfaadt","Arizona Diamondbacks","AZ","","3.77","3.89","4.43","4.49"
"Brandyn Garcia","Arizona Diamondbacks","AZ","","1.97","2.54","2.59","2.19"
"Corbin Burnes","Arizona Diamondbacks","AZ","","7.84","9.00","7.28","7.86"
"Dennis Santana","Arizona Diamondbacks","AZ","","5.43","5.17","4.76","4.21"
"Derek Law","Arizona Diamondbacks","AZ","","1.00","2.99","4.13","4.27"
"Drey Jameson","Arizona Diamondbacks","AZ","","5.12","4.13","5.18","5.11"
"Eduardo Rodriguez","Arizona Diamondbacks","AZ","","2.89","3.89","4.40","4.64"
"Gerardo Carrillo","Arizona Diamondbacks","AZ","","4.15","3.62","4.84","5.02"
"Ildemaro Vargas","Arizona Diamondbacks","AZ","","4.91","6.37","9.25","8.90"
"James McCann","Arizona Diamondbacks","AZ","","11.25","8.60","7.61","6.92"
"Jonathan Loáisiga","Arizona Diamondbacks","AZ","","2.22","2.85","3.54","3.43"
"Jose Cabrera","Arizona Diamondbacks","AZ","","4.33","5.14","5.22","4.99"
"Juan Burgos","Arizona Diamondbacks","AZ","","2.08","3.79","6.58","6.12"
"Juan Morillo","Arizona Diamondbacks","AZ","","2.13","2.74","3.28","3.07"
"Justin Martinez","Arizona Diamondbacks","AZ","","0.00","2.18","4.53","4.32"
"Kade Strowd","Arizona Diamondbacks","AZ","","3.38","7.97","8.54","11.11"
"Kevin Ginkel","Arizona Diamondbacks","AZ","","4.19","3.52","3.71","3.31"
"Kohl Drake","Arizona Diamondbacks","AZ","","6.53","6.20","5.75","5.00"
"Merrill Kelly","Arizona Diamondbacks","AZ","R","4.94","5.32","4.97","5.19"
"Michael Soroka","Arizona Diamondbacks","AZ","","3.31","3.09","3.73","3.79"
"Mitch Bratt","Arizona Diamondbacks","AZ","","4.70","5.12","6.01","6.04"
"Ryan Thompson","Arizona Diamondbacks","AZ","","4.43","3.81","4.26","4.11"
"Ryne Nelson","Arizona Diamondbacks","AZ","","4.80","5.34","4.95","4.71"
"Taylor Clarke","Arizona Diamondbacks","AZ","","2.86","3.82","4.14","4.01"
"Zac Gallen","Arizona Diamondbacks","AZ","","6.07","5.34","4.87","5.02"
"Zack Littell","Arizona Diamondbacks","AZ","","5.21","6.08","5.27","5.10"
"Albert Suárez","Baltimore Orioles","BAL","","3.86","4.24","4.74","4.57"
"Alex Hoppe","Baltimore Orioles","BAL","","4.43","3.43","3.57","3.65"
"Andrew Kittredge","Baltimore Orioles","BAL","","3.54","3.74","3.97","3.86"
"Anthony Nunez","Baltimore Orioles","BAL","","4.07","3.49","3.87","3.69"
"Brandon Young","Baltimore Orioles","BAL","","3.56","4.47","4.53","4.59"
"Cade Povich","Baltimore Orioles","BAL","","4.38","4.99","4.80","4.73"
"Cam Sanders","Baltimore Orioles","BAL","","4.60","3.27","4.23","3.97"
"Cameron Foster","Baltimore Orioles","BAL","","9.00","5.21","5.27","5.20"
"Cameron Weston","Baltimore Orioles","BAL","","0.00","4.10","4.10","6.82"
"Chadwick Tromp","Baltimore Orioles","BAL","","18.00","19.10","9.12","8.50"
"Chris Bassitt","Baltimore Orioles","BAL","","4.59","4.31","4.70","4.77"
"Dietrich Enns","Baltimore Orioles","BAL","","3.94","3.54","5.70","5.43"
"Félix Bautista","Baltimore Orioles","BAL","","16.20","9.10","",""
"Grant Wolfram","Baltimore Orioles","BAL","","4.30","2.66","3.67","3.17"
"Jose Espada","Baltimore Orioles","BAL","","0.00","3.10","4.61","5.08"
"Josh Walker","Baltimore Orioles","BAL","","2.08","3.33","4.08","3.65"
"Keegan Akin","Baltimore Orioles","BAL","","5.68","4.36","5.32","4.90"
"Kyle Bradish","Baltimore Orioles","BAL","R","4.12","4.36","4.21","4.45"
"Luis De León","Baltimore Orioles","BAL","","1.93","3.85","4.47","4.45"
"Nick Raquet","Baltimore Orioles","BAL","","7.36","8.55","7.89","7.04"
"Rico Garcia","Baltimore Orioles","BAL","","3.09","3.89","3.64","3.29"
"Ryan Helsley","Baltimore Orioles","BAL","","4.11","4.66","3.20","3.32"
"Shane Baz","Baltimore Orioles","BAL","","4.11","3.62","4.22","4.30"
"Trevor Rogers","Baltimore Orioles","BAL","","4.03","3.45","3.98","3.94"
"Trey Gibson","Baltimore Orioles","BAL","","6.13","5.65","4.88","5.34"
"Yaramil Hiraldo","Baltimore Orioles","BAL","","8.68","6.64","4.61","3.66"
"Yennier Cano","Baltimore Orioles","BAL","","2.90","2.78","3.28","2.97"
"Zach Eflin","Baltimore Orioles","BAL","","2.45","4.46","1.74","2.59"
"Alec Gamboa","Boston Red Sox","BOS","","1.91","3.19","3.82","3.82"
"Andruw Monasterio","Boston Red Sox","BOS","","67.50","55.60","25.65","14.29"
"Aroldis Chapman","Boston Red Sox","BOS","","1.92","2.50","3.02","2.87"
"Brayan Bello","Boston Red Sox","BOS","","4.33","3.97","4.12","4.14"
"Connelly Early","Boston Red Sox","BOS","","3.44","4.61","4.11","4.00"
"Danny Coulombe","Boston Red Sox","BOS","","4.50","4.96","6.15","6.31"
"Eduardo Rivera","Boston Red Sox","BOS","","6.30","4.20","4.26","4.54"
"Erik Miller","Boston Red Sox","BOS","","2.98","3.26","2.87","3.06"
"Garrett Crochet","Boston Red Sox","BOS","","6.30","4.30","3.74","3.60"
"Garrett Whitlock","Boston Red Sox","BOS","","1.72","2.11","2.83","2.49"
"Greg Weissert","Boston Red Sox","BOS","","3.26","3.97","3.78","3.46"
"Jake Bennett","Boston Red Sox","BOS","L","3.65","3.51","3.80","3.99"
"Jedixson Paez","Boston Red Sox","BOS","","10.80","7.47","7.62","6.57"
"Joe La Sorsa","Boston Red Sox","BOS","","27.00","36.10","1.62","1.58"
"Johan Oviedo","Boston Red Sox","BOS","","9.82","10.19","5.57","4.16"
"Jovani Morán","Boston Red Sox","BOS","","3.18","4.25","4.12","3.82"
"Justin Slaten","Boston Red Sox","BOS","","4.60","3.04","2.82","2.77"
"Patrick Sandoval","Boston Red Sox","BOS","","5.07","3.92","4.31","4.42"
"Payton Tolle","Boston Red Sox","BOS","","3.03","3.04","3.50","3.30"
"Ranger Suarez","Boston Red Sox","BOS","","3.22","3.16","3.72","3.95"
"Raymond Burgos","Boston Red Sox","BOS","","4.22","3.57","3.57","3.28"
"Seth Martinez","Boston Red Sox","BOS","","9.00","4.10","5.61","3.63"
"Sonny Gray","Boston Red Sox","BOS","","2.72","3.47","3.60","3.83"
"Tommy Kahnle","Boston Red Sox","BOS","","8.00","6.88","6.00","5.92"
"Tyler Samaniego","Boston Red Sox","BOS","","2.66","3.54","4.31","4.16"
"Tyler Uberstine","Boston Red Sox","BOS","","3.38","7.60","4.99","5.00"
"Tyron Guerrero","Boston Red Sox","BOS","","3.10","2.46","3.18","3.00"
"Wyatt Olds","Boston Red Sox","BOS","","1.20","3.77","3.38","2.90"
"Zack Kelly","Boston Red Sox","BOS","","3.31","3.65","4.15","4.13"
"Aaron Civale","Chicago Cubs","CHC","","4.20","4.64","4.65","4.42"
"Andrew Wantz","Chicago Cubs","CHC","","14.73","10.19","9.52","7.52"
"Antoine Kelly","Chicago Cubs","CHC","","0.00","3.85","3.85","4.98"
"Ben Brown","Chicago Cubs","CHC","","1.85","2.50","3.47","3.55"
"Cade Horton","Chicago Cubs","CHC","","2.45","4.60","3.85","4.39"
"Caleb Thielbar","Chicago Cubs","CHC","","4.86","4.70","3.86","3.26"
"Carson Kelly","Chicago Cubs","CHC","","6.00","11.77","7.12","7.14"
"Clay Holmes","Chicago Cubs","CHC","","3.29","3.63","3.70","4.02"
"Colin Rea","Chicago Cubs","CHC","R","4.40","4.84","4.67","4.61"
"Corbin Martin","Chicago Cubs","CHC","","10.80","9.70","7.21","6.47"
"Daniel Palencia","Chicago Cubs","CHC","","3.64","4.04","3.80","3.48"
"David Peterson","Chicago Cubs","CHC","","4.79","3.96","4.08","4.34"
"Drew Pomeranz","Chicago Cubs","CHC","","5.59","6.93","6.49","5.85"
"Edward Cabrera","Chicago Cubs","CHC","","5.96","5.35","4.23","4.51"
"Ethan Roberts","Chicago Cubs","CHC","","4.21","5.28","5.29","5.08"
"Gavin Hollowell","Chicago Cubs","CHC","","2.45","5.15","5.69","5.14"
"Hunter Harvey","Chicago Cubs","CHC","","6.75","8.35","4.11","3.48"
"Jacob Webb","Chicago Cubs","CHC","","3.41","4.07","3.54","3.38"
"Javier Assad","Chicago Cubs","CHC","","3.63","4.92","4.43","4.53"
"Jayden Murray","Chicago Cubs","CHC","","9.37","5.43","5.72","5.04"
"Jordan Wicks","Chicago Cubs","CHC","","10.45","3.68","4.03","3.90"
"Kevin Gausman","Chicago Cubs","CHC","","4.51","3.74","3.69","3.74"
"Luke Little","Chicago Cubs","CHC","","9.00","14.10","2.61","1.94"
"Matthew Boyd","Chicago Cubs","CHC","","3.91","4.21","4.31","4.39"
"Phil Maton","Chicago Cubs","CHC","","6.18","5.49","4.33","4.07"
"Riley Martin","Chicago Cubs","CHC","","2.16","2.98","3.05","2.62"
"Ryan Rolison","Chicago Cubs","CHC","","3.14","3.93","4.13","4.10"
"Ryan Zeferjahn","Chicago Cubs","CHC","","3.88","3.82","3.82","3.47"
"Shota Imanaga","Chicago Cubs","CHC","","3.74","4.44","3.89","3.73"
"Trent Thornton","Chicago Cubs","CHC","","3.35","5.21","4.84","4.56"
"Ty Blach","Chicago Cubs","CHC","","0.00","1.77","2.27","1.49"
"Tyler Ferguson","Chicago Cubs","CHC","","5.30","6.15","4.07","3.07"
"Vince Velasquez","Chicago Cubs","CHC","","0.00","2.50","5.21","5.50"
"Yacksel Ríos","Chicago Cubs","CHC","","0.00","0.70","1.60","1.22"
"Andrew Abbott","Cincinnati Reds","CIN","","4.61","4.93","4.84","4.96"
"Brady Singer","Cincinnati Reds","CIN","","5.85","5.62","4.46","4.50"
"Brandon Leibrandt","Cincinnati Reds","CIN","","7.50","7.93","6.87","6.05"
"Brandon Williamson","Cincinnati Reds","CIN","","4.89","5.74","6.12","5.92"
"Brock Burke","Cincinnati Reds","CIN","","2.30","3.76","4.63","4.23"
"Carson Spiers","Cincinnati Reds","CIN","","9.00","10.35","",""
"Chase Burns","Cincinnati Reds","CIN","R","2.86","3.24","3.40","3.42"
"Chase Petty","Cincinnati Reds","CIN","","4.83","5.75","5.53","5.24"
"Connor Phillips","Cincinnati Reds","CIN","","5.28","5.93","6.56","6.02"
"Emilio Pagán","Cincinnati Reds","CIN","","3.38","4.18","4.78","3.82"
"Graham Ashcraft","Cincinnati Reds","CIN","","4.19","3.77","3.71","3.91"
"Hunter Greene","Cincinnati Reds","CIN","","6.83","3.57","3.60","3.59"
"Jose Franco","Cincinnati Reds","CIN","","4.43","5.90","6.06","5.91"
"Jose Trevino","Cincinnati Reds","CIN","","15.00","7.43","6.40","5.68"
"Julian Aguiar","Cincinnati Reds","CIN","","6.00","2.77","",""
"Julian Garcia","Cincinnati Reds","CIN","","3.13","4.60","4.21","3.80"
"Kent Emanuel","Cincinnati Reds","CIN","","3.60","3.90","6.01","5.49"
"Kyle Nicolas","Cincinnati Reds","CIN","","8.59","8.28","8.77","8.63"
"Luis Mey","Cincinnati Reds","CIN","","6.42","3.72","3.77","3.44"
"Nick Lodolo","Cincinnati Reds","CIN","","4.97","5.70","4.83","4.70"
"P.J. Higgins","Cincinnati Reds","CIN","","0.00","1.10","4.12","4.38"
"Pierce Johnson","Cincinnati Reds","CIN","","4.62","4.68","4.71","4.38"
"Rhett Lowder","Cincinnati Reds","CIN","","6.01","4.76","4.80","4.81"
"Ron Marinaccio","Cincinnati Reds","CIN","","6.09","5.68","5.16","4.53"
"Sam Moll","Cincinnati Reds","CIN","","4.79","4.18","4.18","4.07"
"Tejay Antone","Cincinnati Reds","CIN","","3.17","3.80","4.04","3.40"
"Tony Santillan","Cincinnati Reds","CIN","","6.42","7.06","5.47","4.89"
"Yunior Marte","Cincinnati Reds","CIN","","108.00","15.10","24.15","6.44"
"Zach Maxwell","Cincinnati Reds","CIN","","8.31","6.56","6.34","5.47"
"Zach McCambley","Cincinnati Reds","CIN","","4.76","4.16","4.84","4.57"
"Austin Hedges","Cleveland Guardians","CLE","","6.23","2.64","4.72","4.61"
"Austin Peterson","Cleveland Guardians","CLE","","0.00","0.10","0.85","0.61"
"Cade Smith","Cleveland Guardians","CLE","","1.96","2.17","2.77","2.36"
"Carlos Hernández","Cleveland Guardians","CLE","","6.00","5.77","2.44","2.94"
"Codi Heuer","Cleveland Guardians","CLE","","4.66","3.72","5.75","5.25"
"Colin Holderman","Cleveland Guardians","CLE","","2.73","3.16","4.14","3.62"
"Connor Brogdon","Cleveland Guardians","CLE","","5.06","6.04","4.32","3.72"
"Craig Yoho","Cleveland Guardians","CLE","","4.50","4.65","3.95","3.55"
"Daniel Espino","Cleveland Guardians","CLE","","4.11","3.75","1.75","1.94"
"Erik Sabrowski","Cleveland Guardians","CLE","","2.61","2.81","3.70","3.13"
"Foster Griffin","Cleveland Guardians","CLE","","3.60","3.96","3.84","3.93"
"Franco Aleman","Cleveland Guardians","CLE","","4.43","4.80","4.08","3.40"
"Gavin Williams","Cleveland Guardians","CLE","R","3.76","3.47","2.78","2.88"
"Hunter Gaddis","Cleveland Guardians","CLE","","2.98","3.96","4.49","4.01"
"Joey Cantillo","Cleveland Guardians","CLE","","3.62","3.98","4.21","4.38"
"Kolby Allard","Cleveland Guardians","CLE","","10.38","5.41","4.15","3.78"
"Logan Allen","Cleveland Guardians","CLE","","5.94","4.96","4.61","4.00"
"Matt Festa","Cleveland Guardians","CLE","","3.78","3.61","4.03","3.41"
"Parker Messick","Cleveland Guardians","CLE","","2.55","3.07","3.32","3.50"
"Peyton Pallette","Cleveland Guardians","CLE","","5.23","4.99","5.19","4.88"
"Shawn Armstrong","Cleveland Guardians","CLE","","4.72","4.53","4.88","4.37"
"Slade Cecconi","Cleveland Guardians","CLE","","4.95","4.56","4.35","4.44"
"Tanner Bibee","Cleveland Guardians","CLE","","4.35","4.60","4.49","4.50"
"Tim Herrin","Cleveland Guardians","CLE","","3.02","4.09","4.59","4.22"
"Blake Adams","Colorado Rockies","COL","","45.00","22.10","15.13","10.11"
"Blas Castaño","Colorado Rockies","COL","","3.62","4.67","4.08","3.86"
"Brennan Bernardino","Colorado Rockies","COL","","2.87","3.56","4.32","4.10"
"Brett Sullivan","Colorado Rockies","COL","","4.70","5.32","5.98","6.11"
"Chase Dollander","Colorado Rockies","COL","","3.89","4.17","3.94","3.67"
"Eiberson Castellano","Colorado Rockies","COL","","0.00","2.77","2.76","2.18"
"Gabriel Hughes","Colorado Rockies","COL","","6.33","4.04","4.36","4.49"
"Jaden Hill","Colorado Rockies","COL","","5.35","4.16","4.84","4.38"
"Jeff Criswell","Colorado Rockies","COL","","4.50","10.35","5.73","5.72"
"Jimmy Herget","Colorado Rockies","COL","","5.70","5.39","5.10","4.59"
"John Brebbia","Colorado Rockies","COL","","10.38","8.18","5.66","5.09"
"Jordan Romano","Colorado Rockies","COL","","4.96","3.77","4.39","4.00"
"Jose Quintana","Colorado Rockies","COL","","5.40","5.70","5.90","5.92"
"Juan Mejia","Colorado Rockies","COL","","5.27","4.17","4.70","4.64"
"Keegan Thompson","Colorado Rockies","COL","","8.25","2.85","4.15","3.79"
"Kyle Freeland","Colorado Rockies","COL","L","6.58","4.96","4.19","4.20"
"Mark Manfredi","Colorado Rockies","COL","","3.45","3.74","3.72","3.72"
"Mason Adams","Colorado Rockies","COL","","4.03","5.00","3.58","3.65"
"Nick Frasso","Colorado Rockies","COL","","6.10","4.26","4.35","3.92"
"Parker Mushinski","Colorado Rockies","COL","","2.70","5.35","7.84","7.79"
"Ryan Feltner","Colorado Rockies","COL","","5.57","5.11","4.95","5.01"
"Sean Sullivan","Colorado Rockies","COL","","8.87","6.46","6.92","6.12"
"Tanner Gordon","Colorado Rockies","COL","","6.68","4.85","4.41","4.08"
"TJ Shook","Colorado Rockies","COL","","8.22","7.14","4.61","4.12"
"Tomoyuki Sugano","Colorado Rockies","COL","","5.37","5.39","4.75","4.88"
"Troy Johnston","Colorado Rockies","COL","","0.00","6.10","8.36","6.98"
"Valente Bellozo","Colorado Rockies","COL","","7.59","9.94","6.25","5.65"
"Welinton Herrera","Colorado Rockies","COL","","0.00","2.67","4.61","4.40"
"Zach Agnos","Colorado Rockies","COL","","5.93","4.57","5.16","4.81"
"Anthony Kay","Chicago White Sox","CWS","L","4.53","4.80","4.63","4.47"
"Bryan Hudson","Chicago White Sox","CWS","","3.38","3.25","3.79","3.57"
"Chris Murphy","Chicago White Sox","CWS","","4.81","4.35","5.21","4.38"
"David Sandlin","Chicago White Sox","CWS","","5.58","4.41","4.20","4.31"
"Davis Martin","Chicago White Sox","CWS","","3.84","3.82","4.12","4.24"
"Doug Nikhazy","Chicago White Sox","CWS","","4.50","5.10","5.85","6.14"
"Erick Fedde","Chicago White Sox","CWS","","3.83","5.01","4.86","4.79"
"Grant Taylor","Chicago White Sox","CWS","","2.25","2.77","2.88","2.71"
"Hagen Smith","Chicago White Sox","CWS","","1.29","2.35","2.71","3.05"
"Huascar Brazobán","Chicago White Sox","CWS","","3.02","3.75","4.09","4.19"
"Jonathan Cannon","Chicago White Sox","CWS","","9.00","5.43","7.44","7.08"
"Jordan Hicks","Chicago White Sox","CWS","","4.02","3.74","3.85","3.87"
"Jordan Leasure","Chicago White Sox","CWS","","6.27","6.64","5.20","4.52"
"Lucas Sims","Chicago White Sox","CWS","","4.50","4.80","5.01","4.79"
"Luis Castillo","Chicago White Sox","CWS","","5.85","5.04","4.56","4.39"
"Luisangel Acuña","Chicago White Sox","CWS","","3.86","9.96","5.68","6.09"
"Noah Schultz","Chicago White Sox","CWS","","5.58","4.63","4.98","4.72"
"Osvaldo Bido","Chicago White Sox","CWS","","6.27","6.26","6.27","5.59"
"Reese McGuire","Chicago White Sox","CWS","","0.00","3.10","7.62","13.18"
"Sean Burke","Chicago White Sox","CWS","","3.34","3.62","3.98","3.77"
"Sean Newcomb","Chicago White Sox","CWS","","3.17","3.27","3.96","3.81"
"Shane Smith","Chicago White Sox","CWS","","10.80","5.62","5.87","5.55"
"Tanner McDougal","Chicago White Sox","CWS","","27.00","39.10","39.10","20.14"
"Trevor Richards","Chicago White Sox","CWS","","3.73","4.15","4.55","3.97"
"Tyler Davis","Chicago White Sox","CWS","","3.41","3.73","4.79","4.58"
"Tyler Gilbert","Chicago White Sox","CWS","","12.00","8.10","6.28","5.63"
"Tyler Schweitzer","Chicago White Sox","CWS","","3.13","4.14","5.25","5.18"
"Andrew Sears","Detroit Tigers","DET","","7.11","5.47","5.34","4.96"
"Beau Brieske","Detroit Tigers","DET","","4.76","4.91","4.13","3.98"
"Brant Hurter","Detroit Tigers","DET","","2.94","3.49","4.04","4.18"
"Brenan Hanifee","Detroit Tigers","DET","","5.06","6.33","4.63","4.45"
"Burch Smith","Detroit Tigers","DET","","3.18","3.51","3.13","3.18"
"Drew Anderson","Detroit Tigers","DET","","3.67","4.28","3.79","3.66"
"Drew Sommers","Detroit Tigers","DET","","3.63","2.57","2.19","2.19"
"Enmanuel De Jesus","Detroit Tigers","DET","","3.83","3.38","4.10","3.83"
"Framber Valdez","Detroit Tigers","DET","","4.03","4.14","4.20","4.38"
"Jack Flaherty","Detroit Tigers","DET","","4.59","4.10","4.46","4.13"
"Jackson Jobe","Detroit Tigers","DET","","3.91","4.16","4.23","4.28"
"Jacob Waguespack","Detroit Tigers","DET","","2.56","4.68","4.88","4.88"
"Jake Rogers","Detroit Tigers","DET","","0.00","3.10","3.74","3.23"
"Justin Verlander","Detroit Tigers","DET","","12.27","7.74","7.07","7.21"
"Keider Montero","Detroit Tigers","DET","R","3.48","3.98","4.69","4.58"
"Kenley Jansen","Detroit Tigers","DET","","3.20","4.46","4.63","4.20"
"Kyle Finnegan","Detroit Tigers","DET","","4.30","5.42","4.97","4.90"
"Ricky Vanasco","Detroit Tigers","DET","","15.63","8.78","8.25","6.38"
"River Ryan","Detroit Tigers","DET","","0.00","2.10","",""
"Tanner Rainey","Detroit Tigers","DET","","3.86","5.24","6.96","7.12"
"Troy Melton","Detroit Tigers","DET","","2.76","4.09","4.16","4.23"
"Ty Madden","Detroit Tigers","DET","","3.48","3.71","3.82","3.48"
"Tyler Holton","Detroit Tigers","DET","","2.75","4.06","3.92","3.66"
"Tyler Kinley","Detroit Tigers","DET","","3.49","5.23","4.75","4.28"
"Will Vest","Detroit Tigers","DET","","6.08","3.40","3.44","3.22"
"Yilber Díaz","Detroit Tigers","DET","","16.50","7.93","8.19","6.68"
"Zach McKinstry","Detroit Tigers","DET","","18.00","18.60","15.87","11.85"
"AJ Blubaugh","Houston Astros","HOU","","3.66","4.31","4.34","3.82"
"Alimber Santa","Houston Astros","HOU","","1.17","3.95","4.57","4.70"
"Bennett Sousa","Houston Astros","HOU","","6.00","4.93","4.92","4.46"
"Bryan Abreu","Houston Astros","HOU","","3.73","4.62","4.14","3.97"
"Bryan King","Houston Astros","HOU","","5.28","4.83","4.39","4.06"
"César Salazar","Houston Astros","HOU","","9.00","16.10","7.62","8.35"
"Christian Roa","Houston Astros","HOU","","5.19","6.68","7.44","6.09"
"Cody Bolton","Houston Astros","HOU","","5.40","5.10","4.88","4.70"
"Cristian Javier","Houston Astros","HOU","","5.14","4.72","4.69","4.40"
"Enyel De Los Santos","Houston Astros","HOU","","4.79","4.11","4.07","3.65"
"Ethan Pecko","Houston Astros","HOU","","4.31","5.37","6.08","5.95"
"Hayden Wesneski","Houston Astros","HOU","","3.50","3.71","4.16","4.33"
"Hunter Brown","Houston Astros","HOU","","3.19","3.77","3.75","4.02"
"J.P. France","Houston Astros","HOU","","8.10","6.55","6.63","6.05"
"Jake Meyers","Houston Astros","HOU","","0.00","3.10","3.10","-1.25"
"Jason Alexander","Houston Astros","HOU","","9.33","5.88","4.85","4.77"
"Josh Hader","Houston Astros","HOU","","1.01","1.94","2.78","2.26"
"Josh Hendrickson","Houston Astros","HOU","","3.38","0.85","",""
"Kai-Wei Teng","Houston Astros","HOU","","4.76","4.76","4.69","4.23"
"LaMonte Wade Jr.","Houston Astros","HOU","","18.00","16.10","7.62","6.49"
"Logan VanWey","Houston Astros","HOU","","1.54","2.67","3.44","3.06"
"Miguel Ullola","Houston Astros","HOU","","2.30","3.99","2.82","2.27"
"Mike Burrows","Houston Astros","HOU","","5.99","5.63","4.85","4.74"
"Peter Lambert","Houston Astros","HOU","R","3.87","3.93","4.51","4.26"
"Roddery Muñoz","Houston Astros","HOU","","15.75","14.35","6.86","6.14"
"Ronel Blanco","Houston Astros","HOU","","7.11","6.67","5.10","5.06"
"Ryan Weiss","Houston Astros","HOU","","7.62","7.10","5.01","4.80"
"Steven Okert","Houston Astros","HOU","","2.13","3.23","3.98","3.33"
"Tatsuya Imai","Houston Astros","HOU","","5.00","4.29","4.30","4.39"
"Aaron Bummer","Kansas City Royals","KC","","10.26","9.16","6.05","5.25"
"Alex Lange","Kansas City Royals","KC","","6.18","5.40","4.41","4.11"
"Anthony Gose","Kansas City Royals","KC","","0.00","2.48","6.59","7.58"
"Beck Way","Kansas City Royals","KC","","3.86","4.94","3.88","3.88"
"Carlos Duran","Kansas City Royals","KC","","13.50","8.35","8.35","8.83"
"Carlos Estévez","Kansas City Royals","KC","","162.00","60.10","30.15","11.19"
"Cole Ragans","Kansas City Royals","KC","","4.84","6.18","4.38","4.30"
"Connor Seabold","Kansas City Royals","KC","","5.25","4.27","5.26","4.54"
"Connor Thomas","Kansas City Royals","KC","","7.40","5.20","5.25","4.57"
"Craig Kimbrel","Kansas City Royals","KC","","4.50","4.12","4.71","4.28"
"Daniel Lynch IV","Kansas City Royals","KC","","4.13","4.33","4.52","4.41"
"Easton McGee","Kansas City Royals","KC","","7.15","6.28","5.00","4.53"
"Eli Morgan","Kansas City Royals","KC","","5.12","6.51","5.18","4.64"
"Eric Cerantola","Kansas City Royals","KC","","10.13","10.97","7.23","8.86"
"Jose Cuas","Kansas City Royals","KC","","2.42","2.88","4.83","4.54"
"Josh Rojas","Kansas City Royals","KC","","0.00","3.10","6.12","6.85"
"Lucas Erceg","Kansas City Royals","KC","","5.70","5.49","5.41","5.19"
"Luinder Avila","Kansas City Royals","KC","","5.53","4.54","4.79","4.99"
"Luke Maile","Kansas City Royals","KC","","0.00","3.10","6.12","7.28"
"Mason Black","Kansas City Royals","KC","","4.31","6.48","6.21","5.81"
"Matt Strahm","Kansas City Royals","KC","","7.32","7.14","5.64","4.73"
"Michael Wacha","Kansas City Royals","KC","","3.33","4.31","4.26","4.27"
"Mitch Spence","Kansas City Royals","KC","","21.21","8.89","6.81","6.37"
"Nate Pearson","Kansas City Royals","KC","","4.17","3.92","4.54","4.26"
"Nick Mears","Kansas City Royals","KC","","5.12","4.60","4.74","4.86"
"Noah Cameron","Kansas City Royals","KC","","4.11","3.92","4.04","4.13"
"Nolan Hoffman","Kansas City Royals","KC","","3.77","3.45","4.83","4.86"
"Randy Dobnak","Kansas City Royals","KC","","3.51","4.22","4.16","4.58"
"Seth Lugo","Kansas City Royals","KC","R","5.17","4.38","4.52","4.63"
"Spencer Bivens","Kansas City Royals","KC","","10.29","3.24","",""
"Stephen Kolek","Kansas City Royals","KC","","4.50","4.54","4.21","4.51"
"Steven Cruz","Kansas City Royals","KC","","4.30","5.16","3.70","3.46"
"Tony Gonsolin","Kansas City Royals","KC","","16.88","7.60","",""
"Tyler Tolbert","Kansas City Royals","KC","","25.07","16.81","8.26","6.75"
"Adam Frazier","Los Angeles Angels","LAA","","18.00","12.60","9.12","7.72"
"Alek Manoah","Los Angeles Angels","LAA","","9.82","6.78","7.68","6.98"
"Ben Joyce","Los Angeles Angels","LAA","","4.11","3.56","3.94","3.47"
"Blake Weiman","Los Angeles Angels","LAA","","2.70","4.00","3.59","3.46"
"Brett Kerry","Los Angeles Angels","LAA","","3.95","2.73","3.33","3.16"
"George Klassen","Los Angeles Angels","LAA","","3.67","4.73","5.16","5.59"
"Grayson Rodriguez","Los Angeles Angels","LAA","","6.02","5.01","4.60","4.60"
"Jack Kochanowicz","Los Angeles Angels","LAA","","6.19","4.97","4.99","5.10"
"Joey Lucchesi","Los Angeles Angels","LAA","","13.50","10.90","8.36","6.82"
"José Fermin","Los Angeles Angels","LAA","","3.86","3.86","3.57","3.42"
"Luke Murphy","Los Angeles Angels","LAA","","6.86","4.22","4.39","4.36"
"Mitch Farris","Los Angeles Angels","LAA","","3.57","4.55","4.09","3.91"
"Nick Sandlin","Los Angeles Angels","LAA","","11.42","7.48","6.40","5.25"
"Reid Detmers","Los Angeles Angels","LAA","","3.36","3.01","3.41","3.31"
"Ryan Johnson","Los Angeles Angels","LAA","","4.93","5.38","5.33","5.17"
"Ryan Watson","Los Angeles Angels","LAA","","4.00","3.82","4.35","4.03"
"Sam Aldegheri","Los Angeles Angels","LAA","","5.08","5.33","5.72","5.55"
"Sam Bachman","Los Angeles Angels","LAA","","4.81","4.99","4.38","4.26"
"Sammy Peralta","Los Angeles Angels","LAA","","6.75","4.93","4.02","3.21"
"Samy Natera Jr.","Los Angeles Angels","LAA","","3.13","1.90","3.12","2.48"
"Shaun Anderson","Los Angeles Angels","LAA","","7.65","5.65","4.71","4.50"
"Tayler Saucedo","Los Angeles Angels","LAA","","2.53","2.68","3.59","2.79"
"Trevor Martin","Los Angeles Angels","LAA","","4.40","7.29","5.76","5.10"
"Tyler Heineman","Los Angeles Angels","LAA","","10.13","8.54","6.21","6.43"
"Walbert Ureña","Los Angeles Angels","LAA","R","2.97","3.62","4.11","4.36"
"Yusei Kikuchi","Los Angeles Angels","LAA","","4.88","4.12","4.11","4.16"
"Alex Vesia","Los Angeles Dodgers","LAD","","2.73","3.21","4.14","3.77"
"Ben Casparius","Los Angeles Dodgers","LAD","","9.64","6.74","6.22","5.85"
"Blake Snell","Los Angeles Dodgers","LAD","","1.86","1.73","2.99","3.28"
"Blake Treinen","Los Angeles Dodgers","LAD","","3.64","3.74","3.75","3.57"
"Bobby Miller","Los Angeles Dodgers","LAD","","5.06","7.22","6.27","5.39"
"Brock Stewart","Los Angeles Dodgers","LAD","","2.45","3.80","4.05","3.93"
"Charlie Barnes","Los Angeles Dodgers","LAD","","6.92","7.02","5.53","5.47"
"Cole Irvin","Los Angeles Dodgers","LAD","","9.00","5.60","4.94","4.54"
"Edgardo Henriquez","Los Angeles Dodgers","LAD","","2.85","2.50","3.65","3.20"
"Edwin Díaz","Los Angeles Dodgers","LAD","","9.17","4.63","5.27","4.21"
"Emmet Sheehan","Los Angeles Dodgers","LAD","R","4.57","4.27","3.83","3.53"
"Enrique Hernández","Los Angeles Dodgers","LAD","","0.00","3.10","9.13","13.18"
"Eric Lauer","Los Angeles Dodgers","LAD","","5.23","6.00","5.40","5.15"
"Evan Phillips","Los Angeles Dodgers","LAD","","3.38","4.18","3.69","2.99"
"Jack Dreyer","Los Angeles Dodgers","LAD","","3.16","3.48","3.27","3.01"
"Jake Eder","Los Angeles Dodgers","LAD","","2.25","3.35","6.37","6.43"
"Jonathan Hernández","Los Angeles Dodgers","LAD","","5.68","4.95","4.63","4.49"
"Justin Wrobleski","Los Angeles Dodgers","LAD","","3.72","4.19","4.11","4.07"
"Kris Bubic","Los Angeles Dodgers","LAD","","3.83","3.58","",""
"Kyle Hurt","Los Angeles Dodgers","LAD","","4.14","3.56","3.70","3.47"
"Landon Knack","Los Angeles Dodgers","LAD","","3.86","6.96","5.66","4.54"
"Miguel Rojas","Los Angeles Dodgers","LAD","","13.50","11.10","7.24","6.17"
"Paul Gervase","Los Angeles Dodgers","LAD","","2.35","2.97","4.54","4.48"
"Roki Sasaki","Los Angeles Dodgers","LAD","","4.52","4.77","4.10","4.18"
"Seth Halvorsen","Los Angeles Dodgers","LAD","","5.90","6.17","5.43","5.28"
"Shohei Ohtani","Los Angeles Dodgers","LAD","","1.79","2.61","3.23","3.31"
"Tanner Scott","Los Angeles Dodgers","LAD","","2.73","2.14","2.77","2.48"
"Tarik Skubal","Los Angeles Dodgers","LAD","","2.72","2.51","2.66","2.83"
"Tyler Glasnow","Los Angeles Dodgers","LAD","","3.53","2.73","2.94","3.02"
"Will Klein","Los Angeles Dodgers","LAD","","3.67","3.41","3.52","3.48"
"Wyatt Mills","Los Angeles Dodgers","LAD","","5.68","6.73","8.40","7.59"
"Yoshinobu Yamamoto","Los Angeles Dodgers","LAD","","2.53","3.33","3.24","3.36"
"Andrew Nardi","Miami Marlins","MIA","","5.16","4.60","4.03","3.57"
"Anthony Bender","Miami Marlins","MIA","","2.62","2.40","3.38","3.01"
"Bradley Blalock","Miami Marlins","MIA","","5.63","6.85","3.35","3.06"
"Braxton Garrett","Miami Marlins","MIA","","14.54","6.33","8.42","8.15"
"Cade Gibson","Miami Marlins","MIA","","5.44","4.05","4.49","4.27"
"Calvin Faucher","Miami Marlins","MIA","","3.34","2.97","3.71","3.79"
"Dax Fulton","Miami Marlins","MIA","","3.46","3.45","3.96","4.25"
"Eury Pérez","Miami Marlins","MIA","","3.91","4.07","4.17","4.06"
"Jack Ralston","Miami Marlins","MIA","","4.50","5.91","4.28","4.24"
"Janson Junk","Miami Marlins","MIA","","4.31","4.12","4.60","4.70"
"Javier Sanoja","Miami Marlins","MIA","","13.50","9.53","9.13","7.36"
"John King","Miami Marlins","MIA","","3.99","4.87","4.65","4.41"
"Josh Ekness","Miami Marlins","MIA","","3.34","4.65","6.20","5.69"
"Josh White","Miami Marlins","MIA","","67.50","42.10","27.12","14.71"
"Max Meyer","Miami Marlins","MIA","","2.68","3.51","3.74","3.76"
"Michael Petersen","Miami Marlins","MIA","","3.08","3.08","4.04","3.45"
"Patrick Monteverde","Miami Marlins","MIA","","9.00","6.10","6.62","6.21"
"Pete Fairbanks","Miami Marlins","MIA","","6.31","4.60","3.96","3.21"
"Robby Snelling","Miami Marlins","MIA","","5.40","7.30","6.21","7.28"
"Ryan Gusto","Miami Marlins","MIA","","4.09","4.17","4.28","4.24"
"Sandy Alcantara","Miami Marlins","MIA","R","3.89","4.09","4.40","4.54"
"Tyler Phillips","Miami Marlins","MIA","","3.34","4.65","4.38","4.52"
"Tyler Zuber","Miami Marlins","MIA","","5.67","5.24","3.64","3.16"
"Victor Vodnik","Miami Marlins","MIA","","4.99","4.11","4.67","4.58"
"William Kempner","Miami Marlins","MIA","","2.92","3.34","3.88","3.17"
"Zach Brzykcy","Miami Marlins","MIA","","3.00","3.77","4.27","4.53"
"Aaron Ashby","Milwaukee Brewers","MIL","","3.19","3.16","2.99","3.03"
"Abner Uribe","Milwaukee Brewers","MIL","","1.97","2.68","3.34","3.25"
"Andrew Vaughn","Milwaukee Brewers","MIL","","30.00","25.77","11.95","7.90"
"Angel Zerpa","Milwaukee Brewers","MIL","","6.39","5.31","4.33","4.50"
"Antonio Senzatela","Milwaukee Brewers","MIL","","4.07","3.70","4.21","4.08"
"Brandon Sproat","Milwaukee Brewers","MIL","","5.57","5.21","4.43","4.41"
"Brandon Woodruff","Milwaukee Brewers","MIL","","2.98","3.19","3.88","3.62"
"Brian Fitzpatrick","Milwaukee Brewers","MIL","","1.35","2.95","4.53","4.38"
"Bryse Wilson","Milwaukee Brewers","MIL","","4.33","3.61","3.46","3.28"
"Carlos Rodriguez","Milwaukee Brewers","MIL","","3.86","4.06","5.26","4.74"
"Chad Patrick","Milwaukee Brewers","MIL","","3.07","3.99","4.60","4.31"
"Coleman Crow","Milwaukee Brewers","MIL","","5.30","4.55","5.66","5.41"
"Colton Gordon","Milwaukee Brewers","MIL","","8.79","7.91","",""
"DL Hall","Milwaukee Brewers","MIL","","1.96","3.89","4.10","4.17"
"Dustin May","Milwaukee Brewers","MIL","","4.67","3.60","3.99","4.04"
"Garrett Stallings","Milwaukee Brewers","MIL","","0.00","1.74","3.67","3.21"
"Gary Sánchez","Milwaukee Brewers","MIL","","0.00","3.10","3.85","3.59"
"Grant Anderson","Milwaukee Brewers","MIL","","3.36","4.32","4.42","4.04"
"Jacob Misiorowski","Milwaukee Brewers","MIL","R","1.86","2.16","2.26","2.31"
"Jared Koenig","Milwaukee Brewers","MIL","","9.00","6.39","6.47","5.57"
"JoJo Romero","Milwaukee Brewers","MIL","","3.46","4.11","",""
"Kyle Harrison","Milwaukee Brewers","MIL","","4.28","4.08","3.31","3.33"
"Lance McCullers Jr.","Milwaukee Brewers","MIL","","6.55","4.96","4.30","4.54"
"Logan Henderson","Milwaukee Brewers","MIL","","2.47","3.32","3.23","3.04"
"Lyon Richardson","Milwaukee Brewers","MIL","","13.50","12.10","5.66","4.99"
"Robert Gasser","Milwaukee Brewers","MIL","","3.87","4.23","4.36","4.14"
"Shane Drohan","Milwaukee Brewers","MIL","","4.24","3.77","3.90","3.86"
"Thomas Pannone","Milwaukee Brewers","MIL","","6.00","8.10","5.78","5.97"
"Trevor Megill","Milwaukee Brewers","MIL","","2.63","1.85","3.49","2.97"
"A.J. Minter","Minnesota Twins","MIN","","2.42","4.20","4.02","3.50"
"Alex Jackson","Minnesota Twins","MIN","","13.50","17.60","9.12","8.08"
"Andrew Morris","Minnesota Twins","MIN","","4.21","3.14","4.07","3.88"
"Anthony Banda","Minnesota Twins","MIN","","4.46","4.32","5.03","4.10"
"Austin Voth","Minnesota Twins","MIN","","9.90","8.20","7.62","6.79"
"Bailey Ober","Minnesota Twins","MIN","","4.21","4.52","4.85","4.76"
"Cody Laweryson","Minnesota Twins","MIN","","4.86","5.08","4.37","3.91"
"Cole Sands","Minnesota Twins","MIN","","8.25","6.02","4.78","4.19"
"Connor Prielipp","Minnesota Twins","MIN","","4.87","3.73","3.83","3.83"
"Dean Kremer","Minnesota Twins","MIN","","4.97","4.86","4.11","4.13"
"Eric Orze","Minnesota Twins","MIN","","5.66","3.34","4.70","4.49"
"Garrett Acton","Minnesota Twins","MIN","","5.73","3.92","4.65","3.69"
"Jack Anderson","Minnesota Twins","MIN","","2.19","2.94","3.47","3.27"
"Jeff Hoffman","Minnesota Twins","MIN","","3.55","2.48","2.79","2.59"
"Joe Ryan","Minnesota Twins","MIN","","3.79","3.70","3.59","3.36"
"John Klein","Minnesota Twins","MIN","","4.15","7.95","7.38","7.53"
"Kendry Rojas","Minnesota Twins","MIN","","3.34","4.01","4.71","4.70"
"Kody Funderburk","Minnesota Twins","MIN","","3.71","3.65","4.29","4.35"
"Luis García","Minnesota Twins","MIN","","9.00","5.43","6.21","5.65"
"Marco Raya","Minnesota Twins","MIN","","3.00","5.43","4.77","4.94"
"Mick Abel","Minnesota Twins","MIN","","3.98","2.76","4.31","4.11"
"Mike Paredes","Minnesota Twins","MIN","","4.72","5.66","5.45","5.31"
"Orlando Arcia","Minnesota Twins","MIN","","9.00","9.10","10.61","13.18"
"Taj Bradley","Minnesota Twins","MIN","R","3.73","3.82","3.88","3.84"
"Taylor Rogers","Minnesota Twins","MIN","","4.40","4.23","5.15","4.63"
"Tommy Nance","Minnesota Twins","MIN","","3.92","3.82","3.30","3.31"
"Travis Adams","Minnesota Twins","MIN","","4.74","4.15","4.10","3.69"
"Woo-Suk Go","Minnesota Twins","MIN","","9.00","8.60","3.98","3.72"
"Yoendrys Gómez","Minnesota Twins","MIN","","4.36","4.45","5.08","4.61"
"Zebby Matthews","Minnesota Twins","MIN","","4.90","4.70","4.21","4.31"
"Austin Warren","New York Mets","NYM","","4.01","4.03","3.84","3.68"
"Carl Edwards Jr.","New York Mets","NYM","","1.50","3.60","2.44","2.66"
"Chayce McDermott","New York Mets","NYM","","5.87","6.49","6.05","5.37"
"Chris Devenski","New York Mets","NYM","","11.74","7.66","5.13","4.36"
"Christian Scott","New York Mets","NYM","","3.85","3.61","3.92","3.79"
"Cionel Pérez","New York Mets","NYM","","4.87","4.48","3.51","3.47"
"Daniel Duarte","New York Mets","NYM","","2.12","3.20","3.82","3.31"
"Dedniel Núñez","New York Mets","NYM","","3.50","4.10","3.29","2.84"
"Devin Williams","New York Mets","NYM","","4.54","3.05","3.61","3.51"
"Dylan Ross","New York Mets","NYM","","0.00","3.10","4.61","4.65"
"Guillo Zuñiga","New York Mets","NYM","","0.00","4.10","7.12","7.31"
"Jack Weisenburger","New York Mets","NYM","","2.13","1.84","5.07","4.39"
"Jefry Yan","New York Mets","NYM","","4.87","4.82","4.57","4.51"
"Joey Gerber","New York Mets","NYM","","4.32","4.18","4.43","4.26"
"Jonah Tong","New York Mets","NYM","","4.21","3.80","4.94","4.58"
"Jonathan Pintaro","New York Mets","NYM","","5.28","5.12","4.41","4.10"
"Justin Hagenman","New York Mets","NYM","","3.38","6.10","6.24","6.26"
"Kevin Herget","New York Mets","NYM","","0.00","3.10","6.12","7.28"
"Kodai Senga","New York Mets","NYM","","7.34","5.82","4.82","4.49"
"Luis Torrens","New York Mets","NYM","","7.71","14.24","5.04","5.39"
"Matt Seelinger","New York Mets","NYM","","31.50","13.60","10.12","8.07"
"Nate Lavender","New York Mets","NYM","","1.74","1.79","2.93","2.56"
"Nolan McLean","New York Mets","NYM","","3.16","3.59","3.66","3.76"
"Robert Stock","New York Mets","NYM","R","5.93","3.92","4.95","4.71"
"Sean Manaea","New York Mets","NYM","","4.67","4.44","4.28","3.97"
"Tobias Myers","New York Mets","NYM","","5.64","4.75","4.46","4.27"
"Xzavion Curry","New York Mets","NYM","","5.48","7.37","6.39","5.67"
"Zac Thornton","New York Mets","NYM","","3.42","4.51","3.92","4.19"
"Zack Short","New York Mets","NYM","","0.00","3.10","4.61","5.97"
"Alexander Cornielle","New York Yankees","NYY","","18.00","15.10","",""
"Angel Chivilli","New York Yankees","NYY","","3.78","5.74","4.79","4.08"
"Bradley Hanner","New York Yankees","NYY","","8.59","8.69","1.61","1.86"
"Brendan Beck","New York Yankees","NYY","","9.95","9.10","6.70","6.56"
"Brent Headrick","New York Yankees","NYY","","2.18","2.46","3.12","2.81"
"Cam Schlittler","New York Yankees","NYY","","1.95","2.56","2.83","2.88"
"Carlos Rodón","New York Yankees","NYY","","2.67","3.44","4.34","4.32"
"Clarke Schmidt","New York Yankees","NYY","","0.00","-2.90","",""
"David Bednar","New York Yankees","NYY","","2.47","2.61","3.00","2.86"
"Elmer Rodríguez","New York Yankees","NYY","","5.40","4.86","5.53","5.31"
"Fernando Cruz","New York Yankees","NYY","","3.13","4.18","4.50","3.88"
"Gerrit Cole","New York Yankees","NYY","R","3.61","3.93","3.72","3.57"
"John Schreiber","New York Yankees","NYY","","3.28","4.62","4.55","4.59"
"Justin Topa","New York Yankees","NYY","","6.95","6.01","5.43","4.98"
"Kervin Castro","New York Yankees","NYY","","1.42","1.52","2.47","2.40"
"Luis Gil","New York Yankees","NYY","","4.61","7.12","6.22","5.77"
"Max Fried","New York Yankees","NYY","","2.80","2.65","3.57","3.78"
"Max Schuemann","New York Yankees","NYY","","0.00","6.10","9.12","10.05"
"Michael Fulmer","New York Yankees","NYY","","3.29","4.34","3.93","3.71"
"Paul Blackburn","New York Yankees","NYY","","1.69","3.75","3.80","3.77"
"Ryan Weathers","New York Yankees","NYY","","3.60","3.62","3.24","3.49"
"Ryan Yarbrough","New York Yankees","NYY","","3.69","3.45","5.03","4.64"
"Tim Hill","New York Yankees","NYY","","4.60","5.93","4.24","3.71"
"Will Warren","New York Yankees","NYY","","3.92","3.94","3.81","3.97"
"Yerry De los Santos","New York Yankees","NYY","","2.05","5.01","4.46","4.36"
"Aaron Nola","Philadelphia Phillies","PHI","","4.54","4.80","3.80","3.85"
"Alan Rangel","Philadelphia Phillies","PHI","","5.88","4.60","4.63","4.17"
"Alex McFarlane","Philadelphia Phillies","PHI","","2.00","2.88","3.86","3.88"
"Andrew Painter","Philadelphia Phillies","PHI","","5.40","4.67","4.38","4.34"
"Brad Keller","Philadelphia Phillies","PHI","","4.02","4.15","3.98","3.72"
"Brian Keller","Philadelphia Phillies","PHI","","3.00","5.43","3.61","3.02"
"Brooks Raley","Philadelphia Phillies","PHI","","3.31","3.97","4.02","3.66"
"Caleb Kilian","Philadelphia Phillies","PHI","","4.91","3.83","3.78","3.51"
"Chase Shugart","Philadelphia Phillies","PHI","","3.98","4.77","3.99","3.32"
"Cristopher Sánchez","Philadelphia Phillies","PHI","","2.91","2.80","2.60","2.89"
"Dylan Moore","Philadelphia Phillies","PHI","","5.40","6.70","7.60","6.10"
"Garrett Stubbs","Philadelphia Phillies","PHI","","9.64","7.17","7.17","7.54"
"Grant Holman","Philadelphia Phillies","PHI","","0.00","12.10","",""
"Jesús Luzardo","Philadelphia Phillies","PHI","","2.87","2.77","2.93","3.05"
"Jhoan Duran","Philadelphia Phillies","PHI","","1.85","1.45","1.80","1.71"
"Jonathan Bowlan","Philadelphia Phillies","PHI","","3.36","3.37","2.86","2.54"
"José Alvarado","Philadelphia Phillies","PHI","","5.43","3.67","4.15","3.58"
"José Urquidy","Philadelphia Phillies","PHI","","4.54","3.84","",""
"Kyle Backhus","Philadelphia Phillies","PHI","","4.95","4.25","3.88","3.60"
"Lou Trivino III","Philadelphia Phillies","PHI","","15.00","6.93","6.78","5.78"
"Max Lazar","Philadelphia Phillies","PHI","","5.00","7.10","4.86","4.62"
"Orion Kerkering","Philadelphia Phillies","PHI","","4.97","4.17","4.78","4.15"
"Taijuan Walker","Philadelphia Phillies","PHI","","9.13","7.78","5.52","5.17"
"Tanner Banks","Philadelphia Phillies","PHI","","6.43","5.24","4.58","4.02"
"Tim Mayza","Philadelphia Phillies","PHI","","3.48","3.40","3.31","3.25"
"Zach Pop","Philadelphia Phillies","PHI","","3.68","3.10","4.74","4.27"
"Zack Wheeler","Philadelphia Phillies","PHI","R","3.06","3.34","3.10","3.22"
"Antwone Kelly","Pittsburgh Pirates","PIT","","4.41","4.69","4.79","4.88"
"Brandan Bidois","Pittsburgh Pirates","PIT","","6.32","7.18","5.54","4.61"
"Brandon Eisert","Pittsburgh Pirates","PIT","","5.52","3.67","3.13","3.04"
"Braxton Ashcraft","Pittsburgh Pirates","PIT","","3.65","3.50","3.17","3.31"
"Bubba Chandler","Pittsburgh Pirates","PIT","","4.62","4.24","4.66","4.71"
"Camilo Doval","Pittsburgh Pirates","PIT","","4.30","4.33","4.12","4.07"
"Carmen Mlodzinski","Pittsburgh Pirates","PIT","","3.95","3.77","4.35","4.34"
"Evan Sisk","Pittsburgh Pirates","PIT","","3.07","3.78","4.41","3.87"
"Gregory Soto","Pittsburgh Pirates","PIT","","3.68","3.33","3.63","3.26"
"Hunter Barco","Pittsburgh Pirates","PIT","","7.64","7.01","5.94","5.40"
"Hunter Stratton","Pittsburgh Pirates","PIT","","5.40","1.30","1.75","2.26"
"Isaac Mattson","Pittsburgh Pirates","PIT","","5.35","3.72","4.74","4.39"
"Jared Jones","Pittsburgh Pirates","PIT","","3.87","3.29","3.68","3.56"
"Khristian Curtis","Pittsburgh Pirates","PIT","","4.71","4.34","4.83","5.29"
"Kirby Yates","Pittsburgh Pirates","PIT","","3.32","3.25","4.18","3.47"
"Lake Bachar","Pittsburgh Pirates","PIT","","3.49","4.44","4.29","3.79"
"Luke Weaver","Pittsburgh Pirates","PIT","","2.73","3.00","3.58","3.11"
"Mason Montgomery","Pittsburgh Pirates","PIT","","2.55","2.23","2.14","2.23"
"Mitch Keller","Pittsburgh Pirates","PIT","R","5.29","4.54","4.60","4.71"
"Noah Murdock","Pittsburgh Pirates","PIT","","0.00","3.40","4.30","4.65"
"Paul Skenes","Pittsburgh Pirates","PIT","","3.82","3.33","3.36","3.33"
"Rafael Flores Jr.","Pittsburgh Pirates","PIT","","0.00","3.10","4.61","5.31"
"Tyler Callihan","Pittsburgh Pirates","PIT","","0.00","5.43","8.45","7.89"
"Wilber Dotel","Pittsburgh Pirates","PIT","","4.46","3.22","3.69","3.67"
"Yohan Ramírez","Pittsburgh Pirates","PIT","","2.90","3.36","3.94","3.74"
"Adrian Morejon","San Diego Padres","SD","","2.86","2.37","2.61","2.50"
"Alek Jacob","San Diego Padres","SD","","5.40","5.10","4.61","3.43"
"Bradgley Rodriguez","San Diego Padres","SD","","2.25","2.78","3.24","3.01"
"Casey Mize","San Diego Padres","SD","","4.32","4.14","4.22","4.09"
"David Morgan","San Diego Padres","SD","","3.90","3.93","4.45","4.12"
"Germán Márquez","San Diego Padres","SD","","5.26","6.61","5.39","5.22"
"Griffin Canning","San Diego Padres","SD","","5.57","4.82","4.24","4.15"
"Jason Adam","San Diego Padres","SD","","2.62","4.85","4.58","4.18"
"Jeremiah Estrada","San Diego Padres","SD","","3.48","3.04","3.61","3.48"
"Jhony Brito","San Diego Padres","SD","","3.00","4.99","4.44","3.91"
"JP Sears","San Diego Padres","SD","","4.68","5.15","4.75","4.61"
"Kyle Hart","San Diego Padres","SD","L","4.92","3.63","3.77","3.57"
"Lucas Giolito","San Diego Padres","SD","","5.16","6.07","6.35","6.50"
"Mason Miller","San Diego Padres","SD","","1.30","1.11","1.40","1.42"
"Michael King","San Diego Padres","SD","","3.21","4.13","4.38","4.43"
"Nick Pivetta","San Diego Padres","SD","","2.86","2.21","3.49","3.17"
"Randy Vásquez","San Diego Padres","SD","","4.01","4.32","4.82","4.81"
"Robbie Ray","San Diego Padres","SD","","3.59","4.69","4.90","4.98"
"Rodolfo Durán","San Diego Padres","SD","","27.00","12.77","9.13","7.37"
"Walker Buehler","San Diego Padres","SD","","4.56","4.45","4.18","4.34"
"Wandy Peralta","San Diego Padres","SD","","3.61","3.99","4.28","4.37"
"Yuki Matsui","San Diego Padres","SD","","1.84","4.21","4.64","4.13"
"Andrés Muñoz","Seattle Mariners","SEA","","4.24","3.34","2.27","2.38"
"Bryan Woo","Seattle Mariners","SEA","","4.01","3.24","3.62","3.53"
"Bryce Miller","Seattle Mariners","SEA","","4.17","4.41","3.88","3.79"
"Carlos Vargas","Seattle Mariners","SEA","","5.19","3.85","3.48","3.24"
"Cole Wilcox","Seattle Mariners","SEA","","4.00","4.10","4.14","4.31"
"Cooper Criswell","Seattle Mariners","SEA","","3.40","3.73","3.69","3.54"
"Domingo Gonzalez","Seattle Mariners","SEA","","4.70","5.45","5.72","5.77"
"Eduard Bazardo","Seattle Mariners","SEA","","3.93","4.80","4.14","3.69"
"Emerson Hancock","Seattle Mariners","SEA","","3.57","4.00","3.90","3.83"
"Gabe Speier","Seattle Mariners","SEA","","3.00","3.92","4.35","3.76"
"George Kirby","Seattle Mariners","SEA","R","4.33","3.90","3.90","4.05"
"Hoby Milner","Seattle Mariners","SEA","","3.83","4.50","4.65","4.51"
"Jhonathan Díaz","Seattle Mariners","SEA","","6.75","11.35","3.86","3.63"
"Jhonny Pereda","Seattle Mariners","SEA","","54.00","42.10","12.15","6.85"
"José A. Ferrer","Seattle Mariners","SEA","","3.92","4.00","4.01","3.66"
"Josh Simpson","Seattle Mariners","SEA","","9.82","9.51","5.09","3.79"
"Kade Anderson","Seattle Mariners","SEA","","4.18","3.72","4.66","4.80"
"Leo Rivas","Seattle Mariners","SEA","","63.00","19.10","15.15","7.49"
"Logan Gilbert","Seattle Mariners","SEA","","3.81","3.91","3.48","3.40"
"Matt Brash","Seattle Mariners","SEA","","0.54","2.92","4.00","3.72"
"Michael Rucker","Seattle Mariners","SEA","","5.79","4.00","3.30","3.13"
"Nick Davila","Seattle Mariners","SEA","","4.94","4.97","5.56","5.30"
"Seranthony Domínguez","Seattle Mariners","SEA","","3.69","4.59","4.40","4.11"
"Troy Taylor","Seattle Mariners","SEA","","4.50","2.60","",""
"Victor Robles","Seattle Mariners","SEA","","27.00","6.10","7.61","6.60"
"Weston Wilson","Seattle Mariners","SEA","","18.90","10.90","7.62","6.79"
"Adrian Houser","San Francisco Giants","SF","","4.02","4.55","4.54","4.61"
"Anthony Molina","San Francisco Giants","SF","","3.97","3.04","3.57","3.69"
"Blade Tidwell","San Francisco Giants","SF","","4.45","4.74","4.95","4.68"
"Braxton Roxby","San Francisco Giants","SF","","4.91","2.28","3.35","1.81"
"Buddy Kennedy","San Francisco Giants","SF","","36.00","9.10","13.62","9.14"
"Carson Seymour","San Francisco Giants","SF","","4.85","6.03","4.92","4.83"
"Carson Whisenhunt","San Francisco Giants","SF","","6.49","5.38","5.63","5.61"
"Cesar Perdomo","San Francisco Giants","SF","","3.65","4.92","3.46","3.53"
"Christian Koss","San Francisco Giants","SF","","13.50","3.10","5.36","5.69"
"Duncan Davitt","San Francisco Giants","SF","","2.84","7.20","",""
"Dylan Smith","San Francisco Giants","SF","","3.96","3.62","4.07","3.56"
"Gregory Santos","San Francisco Giants","SF","","3.60","4.50","6.01","6.48"
"Jason Foley","San Francisco Giants","SF","","4.50","4.27","4.74","4.67"
"Joel Kuhnel","San Francisco Giants","SF","","4.50","5.37","4.50","4.39"
"Joel Peguero","San Francisco Giants","SF","","2.38","3.81","5.53","5.00"
"José Buttó","San Francisco Giants","SF","","22.50","17.10","7.12","5.53"
"JT Brubaker","San Francisco Giants","SF","","3.58","4.28","5.00","4.86"
"Keaton Winn","San Francisco Giants","SF","","3.35","3.87","4.19","4.14"
"Landen Roupp","San Francisco Giants","SF","R","4.01","3.73","4.21","4.48"
"Logan Webb","San Francisco Giants","SF","","4.31","3.45","3.77","3.95"
"Matt Gage","San Francisco Giants","SF","","5.60","6.32","5.28","5.05"
"Matt Wilkinson","San Francisco Giants","SF","","3.65","4.23","5.42","5.36"
"Philip Abner","San Francisco Giants","SF","","7.11","7.89","5.93","5.98"
"Reiver Sanmartin","San Francisco Giants","SF","","4.22","4.41","3.37","3.27"
"Ryan Borucki","San Francisco Giants","SF","","4.94","4.87","5.07","4.72"
"Ryan Walker","San Francisco Giants","SF","","7.16","5.52","5.33","5.16"
"Sam Hentges","San Francisco Giants","SF","","3.28","3.35","4.89","4.59"
"Seth Lonsway","San Francisco Giants","SF","","9.00","1.10","1.85","1.24"
"Trent Harris","San Francisco Giants","SF","","2.11","1.55","2.54","2.72"
"Trevor McDonald","San Francisco Giants","SF","","5.12","4.27","4.13","4.09"
"Tristan Beck","San Francisco Giants","SF","","5.60","4.80","5.68","5.25"
"Wilkin Ramos","San Francisco Giants","SF","","22.50","8.10","8.85","8.46"
"Yunior Marte","San Francisco Giants","SF","","4.44","5.77","5.96","6.01"
"Andre Pallante","St. Louis Cardinals","STL","","3.61","3.71","3.98","4.27"
"Bruce Zimmermann","St. Louis Cardinals","STL","","5.40","2.90","5.61","5.35"
"Bryan Torres","St. Louis Cardinals","STL","","0.00","4.60","6.86","8.18"
"Brycen Mautz","St. Louis Cardinals","STL","","5.87","4.86","5.33","4.62"
"Cade Winquest","St. Louis Cardinals","STL","","4.26","3.42","4.00","3.64"
"Caleb Ferguson","St. Louis Cardinals","STL","","5.18","4.92","4.32","4.40"
"Cooper Hjerpe","St. Louis Cardinals","STL","","4.38","3.34","0.85","0.40"
"George Soriano","St. Louis Cardinals","STL","","4.23","4.80","4.32","4.04"
"Gordon Graceffo","St. Louis Cardinals","STL","","2.73","3.85","4.73","4.58"
"Hancel Rincon","St. Louis Cardinals","STL","","47.25","15.85","8.36","5.59"
"Hunter Dobbins","St. Louis Cardinals","STL","","3.67","4.30","4.15","4.24"
"Jared Shuster","St. Louis Cardinals","STL","","9.00","5.66","6.22","6.03"
"Justin Bruihl","St. Louis Cardinals","STL","","3.81","3.97","4.70","4.35"
"Kyle Leahy","St. Louis Cardinals","STL","","3.66","3.59","3.66","3.88"
"Luis Gastelum","St. Louis Cardinals","STL","","4.42","3.97","3.04","2.87"
"Matt Pushard","St. Louis Cardinals","STL","","5.14","3.53","5.25","4.79"
"Matt Svanson","St. Louis Cardinals","STL","","7.27","4.30","4.75","4.33"
"Matthew Liberatore","St. Louis Cardinals","STL","L","5.23","4.62","3.98","3.98"
"Max Rajcic","St. Louis Cardinals","STL","","5.00","4.77","5.50","5.08"
"Michael McGreevy","St. Louis Cardinals","STL","","3.95","4.23","4.26","4.56"
"Pedro Pagés","St. Louis Cardinals","STL","","4.50","9.60","5.36","5.97"
"Peter Strzelecki","St. Louis Cardinals","STL","","5.79","4.60","5.93","5.23"
"Quinn Mathews","St. Louis Cardinals","STL","","3.65","3.80","4.51","4.60"
"Riley O'Brien","St. Louis Cardinals","STL","","4.08","3.94","4.09","3.85"
"Ryan Fernandez","St. Louis Cardinals","STL","","3.52","3.23","3.54","3.45"
"Ryne Stanek","St. Louis Cardinals","STL","","4.02","4.52","4.21","3.98"
"Aaron Brooks","Tampa Bay Rays","TB","","81.00","60.10","30.15","17.85"
"Alex Cook","Tampa Bay Rays","TB","","4.76","4.69","6.93","6.89"
"Ben Williamson","Tampa Bay Rays","TB","","3.60","6.30","7.02","7.43"
"Brody Hopkins","Tampa Bay Rays","TB","","6.23","6.79","",""
"Bryan Baker","Tampa Bay Rays","TB","","1.44","3.07","3.59","3.31"
"Cam Booser","Tampa Bay Rays","TB","","2.03","3.02","3.39","2.85"
"Casey Legumina","Tampa Bay Rays","TB","","3.82","3.98","4.39","4.10"
"Chase Solesky","Tampa Bay Rays","TB","","6.00","5.77","3.44","3.20"
"Cole Sulser","Tampa Bay Rays","TB","","4.39","3.66","3.89","3.57"
"Drew Rasmussen","Tampa Bay Rays","TB","","2.67","2.81","3.23","3.27"
"Freddy Peralta","Tampa Bay Rays","TB","","4.42","4.28","4.33","4.27"
"Garrett Cleavinger","Tampa Bay Rays","TB","","4.79","4.12","3.58","3.42"
"Griffin Jax","Tampa Bay Rays","TB","R","3.62","3.79","3.54","3.72"
"Hunter Bigge","Tampa Bay Rays","TB","","6.98","4.50","5.93","5.69"
"Ian Seymour","Tampa Bay Rays","TB","","4.22","4.10","3.54","3.18"
"Jake Woodford","Tampa Bay Rays","TB","","7.81","4.51","",""
"Jesse Scholtens","Tampa Bay Rays","TB","","4.03","5.63","4.68","4.35"
"Joe Boyle","Tampa Bay Rays","TB","","5.21","2.99","4.05","4.02"
"Jonathan Heasley","Tampa Bay Rays","TB","","11.25","8.60","5.12","4.83"
"Kevin Kelly","Tampa Bay Rays","TB","","2.44","3.02","2.90","2.74"
"Manuel Rodríguez","Tampa Bay Rays","TB","","3.86","5.67","3.85","3.73"
"Mason Englert","Tampa Bay Rays","TB","","5.95","6.23","4.26","3.96"
"Michael Grove","Tampa Bay Rays","TB","","5.14","6.96","3.75","3.43"
"Nick Martinez","Tampa Bay Rays","TB","","2.94","3.97","4.47","4.65"
"Shane McClanahan","Tampa Bay Rays","TB","","3.36","3.50","4.02","4.14"
"Steven Matz","Tampa Bay Rays","TB","","5.56","5.07","4.53","4.57"
"Ty Johnson","Tampa Bay Rays","TB","","4.05","3.10","4.91","4.91"
"Tyler Wells","Tampa Bay Rays","TB","","2.38","3.38","4.05","3.48"
"Adam Macko","Texas Rangers","TEX","","5.23","4.87","4.38","3.83"
"Ben Peoples","Texas Rangers","TEX","","2.76","5.92","5.47","5.16"
"Cal Quantrill","Texas Rangers","TEX","","2.86","4.01","4.43","4.26"
"Carter Baumler","Texas Rangers","TEX","","3.18","6.98","6.55","6.02"
"Chase Silseth","Texas Rangers","TEX","","3.32","3.70","4.35","4.12"
"Chris Martin","Texas Rangers","TEX","","9.00","6.17","4.50","4.34"
"Chris Paddack","Texas Rangers","TEX","","6.79","4.85","4.84","4.81"
"Cody Bradford","Texas Rangers","TEX","","4.19","4.40","5.40","5.49"
"Cole Winn","Texas Rangers","TEX","","5.63","4.02","3.85","3.63"
"Emiliano Teodo","Texas Rangers","TEX","","10.80","5.50","7.31","7.03"
"Gavin Collyer","Texas Rangers","TEX","","5.40","5.30","6.15","5.39"
"Jack Leiter","Texas Rangers","TEX","","5.29","4.76","4.26","4.23"
"Jacob deGrom","Texas Rangers","TEX","","4.20","3.11","2.99","3.00"
"Jacob Latz","Texas Rangers","TEX","","2.15","2.92","3.45","3.05"
"Jakob Junis","Texas Rangers","TEX","","3.57","3.82","4.36","4.12"
"Jalen Beeks","Texas Rangers","TEX","","3.81","5.41","4.15","4.05"
"Joe Ross","Texas Rangers","TEX","","9.26","6.79","5.77","5.31"
"Jordan Montgomery","Texas Rangers","TEX","","4.63","4.21","3.57","3.40"
"Jose Corniell","Texas Rangers","TEX","","20.77","10.02","7.50","6.14"
"Kumar Rocker","Texas Rangers","TEX","R","4.38","4.31","4.30","4.30"
"Kyle Higashioka","Texas Rangers","TEX","","21.00","9.43","8.12","7.00"
"Luis Curvelo","Texas Rangers","TEX","","9.58","9.00","7.18","6.32"
"MacKenzie Gore","Texas Rangers","TEX","","4.59","3.86","3.94","3.96"
"Marco Gonzales","Texas Rangers","TEX","","1.35","4.00","6.49","6.33"
"Nathan Eovaldi","Texas Rangers","TEX","","4.27","4.22","3.35","3.45"
"Nicky Lopez","Texas Rangers","TEX","","9.00","1.10","2.61","3.09"
"Nolan Kingham","Texas Rangers","TEX","","9.00","7.10","10.12","9.23"
"Peyton Gray","Texas Rangers","TEX","","3.86","4.12","3.86","3.43"
"Robby Ahlstrom","Texas Rangers","TEX","","6.08","5.18","4.33","3.91"
"Robert Garcia","Texas Rangers","TEX","","2.70","4.18","4.60","4.98"
"Sam Haggerty","Texas Rangers","TEX","","0.00","6.10","6.10","2.25"
"Trevor Williams","Texas Rangers","TEX","","3.14","3.80","3.60","3.31"
"Tyler Alexander","Texas Rangers","TEX","","3.55","3.09","3.76","3.57"
"Winston Santos","Texas Rangers","TEX","","9.00","10.10","6.62","6.53"
"Braydon Fisher","Toronto Blue Jays","TOR","","3.25","4.35","4.33","4.26"
"Brendan Cellucci","Toronto Blue Jays","TOR","","0.00","1.60","",""
"Brendon Little","Toronto Blue Jays","TOR","","6.59","5.08","3.53","4.04"
"Chad Dallas","Toronto Blue Jays","TOR","","5.02","4.22","4.95","4.55"
"Chase Lee","Toronto Blue Jays","TOR","","6.52","8.58","7.67","8.13"
"CJ Van Eyk","Toronto Blue Jays","TOR","","5.40","5.84","7.09","6.04"
"Cody Ponce","Toronto Blue Jays","TOR","","3.86","1.81","3.75","3.46"
"Dylan Cease","Toronto Blue Jays","TOR","","2.40","2.56","2.80","3.02"
"Jameson Taillon","Toronto Blue Jays","TOR","","5.65","6.60","4.76","4.55"
"Joe Mantiply","Toronto Blue Jays","TOR","","3.00","3.58","3.44","3.36"
"José Rodríguez","Toronto Blue Jays","TOR","","0.00","0.96","",""
"José Soriano","Toronto Blue Jays","TOR","","3.91","3.90","3.79","4.13"
"Josh Fleming","Toronto Blue Jays","TOR","","12.00","9.77","7.44","5.58"
"Lazaro Estrada","Toronto Blue Jays","TOR","","5.54","6.25","5.99","5.94"
"Louis Varland","Toronto Blue Jays","TOR","","1.27","1.83","2.45","2.47"
"Mason Fluharty","Toronto Blue Jays","TOR","","3.36","3.67","4.22","3.79"
"Max Scherzer","Toronto Blue Jays","TOR","R","6.14","5.43","5.34","5.10"
"Michael Lorenzen","Toronto Blue Jays","TOR","","7.21","5.45","4.90","4.96"
"Myles Straw","Toronto Blue Jays","TOR","","4.50","7.10","5.73","5.40"
"Patrick Corbin","Toronto Blue Jays","TOR","","5.51","4.64","4.42","4.49"
"Paul Sewald","Toronto Blue Jays","TOR","","4.82","5.28","4.57","3.76"
"Ricky Tiedemann","Toronto Blue Jays","TOR","","1.50","3.93","5.76","5.81"
"Shane Bieber","Toronto Blue Jays","TOR","","4.37","5.15","4.63","4.80"
"Simeon Woods Richardson","Toronto Blue Jays","TOR","","6.68","5.83","5.85","5.76"
"Spencer Arrighetti","Toronto Blue Jays","TOR","","4.96","5.44","5.16","4.81"
"Spencer Miles","Toronto Blue Jays","TOR","","2.57","2.66","3.16","3.20"
"Tanner Andrews","Toronto Blue Jays","TOR","","0.00","4.43","6.44","6.97"
"Trey Yesavage","Toronto Blue Jays","TOR","","3.67","4.13","4.62","4.56"
"Tyler Rogers","Toronto Blue Jays","TOR","","1.77","3.35","4.22","4.02"
"Yariel Rodríguez","Toronto Blue Jays","TOR","","7.71","7.17","6.48","5.96"
"Andre Granillo","Washington Nationals","WSH","","9.64","8.14","8.26","7.33"
"Andrew Alvarez","Washington Nationals","WSH","","3.43","3.32","3.79","4.10"
"Brad Lord","Washington Nationals","WSH","","3.78","4.29","3.98","3.78"
"Cade Cavalli","Washington Nationals","WSH","R","3.02","3.25","3.16","3.23"
"Carson Palmquist","Washington Nationals","WSH","","7.71","4.08","5.13","4.68"
"Clayton Beeter","Washington Nationals","WSH","","4.50","5.43","4.69","4.62"
"Cole Henry","Washington Nationals","WSH","","7.90","6.90","5.86","4.40"
"DJ Herz","Washington Nationals","WSH","","9.00","5.85","",""
"Eddy Yean","Washington Nationals","WSH","","2.45","3.83","4.15","3.87"
"Erik Tolman","Washington Nationals","WSH","","3.21","3.60","3.10","3.06"
"Gus Varland","Washington Nationals","WSH","","6.55","5.28","5.10","4.53"
"Jack Sinclair","Washington Nationals","WSH","","2.61","3.78","6.61","4.84"
"Jackson Kent","Washington Nationals","WSH","","5.94","4.23","5.04","5.53"
"Jackson Rutledge","Washington Nationals","WSH","","47.25","4.60","5.73","4.53"
"Jake Bird","Washington Nationals","WSH","","5.35","4.39","4.13","3.52"
"Jake Irvin","Washington Nationals","WSH","","5.40","4.98","4.70","4.45"
"Jared Simpson","Washington Nationals","WSH","","10.38","6.10","4.10","5.05"
"Joey Wiemer","Washington Nationals","WSH","","22.50","14.10","12.88","8.46"
"Jorbit Vivas","Washington Nationals","WSH","","13.50","9.35","10.25","6.62"
"José Tena","Washington Nationals","WSH","","9.00","6.10","7.61","7.36"
"Josiah Gray","Washington Nationals","WSH","","0.00","2.85","",""
"Julian Fernández","Washington Nationals","WSH","","2.25","6.35","6.49","5.69"
"Justin Lawrence","Washington Nationals","WSH","","7.34","6.97","5.10","4.56"
"Ken Waldichuk","Washington Nationals","WSH","","6.75","9.21","5.57","5.05"
"Luis Perales","Washington Nationals","WSH","","11.45","10.19","5.04","4.63"
"Matt Krook","Washington Nationals","WSH","","10.80","8.38","6.34","6.02"
"Matt Waldron","Washington Nationals","WSH","","6.54","4.60","4.59","4.25"
"Max Kranick","Washington Nationals","WSH","","9.33","7.03","6.66","6.06"
"Miles Mikolas","Washington Nationals","WSH","","5.82","5.77","4.73","4.78"
"Mitchell Parker","Washington Nationals","WSH","","6.58","5.47","4.50","4.09"
"Orlando Ribalta","Washington Nationals","WSH","","3.77","3.91","4.40","3.91"
"Paxton Schultz","Washington Nationals","WSH","","6.40","4.34","4.66","4.03"
"PJ Poulin","Washington Nationals","WSH","","2.70","4.95","5.30","5.36"
"Richard Lovelady","Washington Nationals","WSH","","3.71","5.07","5.08","5.08"
"Riley Cornelio","Washington Nationals","WSH","","3.89","4.08","5.27","5.13"
"Tom Cosgrove","Washington Nationals","WSH","","7.71","5.24","5.35","4.41"
"Will Dion","Washington Nationals","WSH","","3.78","4.13","3.53","3.10"
"Yovanny Cruz","Washington Nationals","WSH","","5.06","4.91","4.90","4.55"
"Zak Kent","Washington Nationals","WSH","","5.51","5.49","5.59","4.99"
