"team","abbreviation","bullpen_fip","bullpen_era","bullpen_whip","innings_last1d","innings_last3d","closer_available"
"Athletics","ATH","4.90","5.60","1.59","4.0","10.0","yes"
"Atlanta Braves","ATL","3.36","3.09","1.10","6.0","15.0","yes"
"Arizona Diamondbacks","AZ","3.62","3.59","1.22","7.3","11.7","yes"
"Baltimore Orioles","BAL","3.70","3.92","1.29","0.0","8.0","yes"
"Boston Red Sox","BOS","3.50","3.34","1.20","0.0","16.0","yes"
"Chicago Cubs","CHC","4.98","4.50","1.36","0.0","8.7","yes"
"Cincinnati Reds","CIN","4.82","4.77","1.46","3.0","12.0","yes"
"Cleveland Guardians","CLE","3.72","3.54","1.26","3.0","16.7","yes"
"Colorado Rockies","COL","4.92","5.47","1.56","6.0","13.0","yes"
"Chicago White Sox","CWS","4.56","4.01","1.29","8.3","15.0","yes"
"Detroit Tigers","DET","4.48","4.38","1.36","3.7","7.3","yes"
"Houston Astros","HOU","4.20","3.69","1.22","2.0","11.0","yes"
"Kansas City Royals","KC","5.47","5.92","1.67","2.7","14.3","no"
"Los Angeles Angels","LAA","4.36","4.69","1.42","3.0","10.0","yes"
"Los Angeles Dodgers","LAD","4.22","4.43","1.36","5.0","9.7","yes"
"Miami Marlins","MIA","3.90","4.20","1.33","7.7","11.7","yes"
"Milwaukee Brewers","MIL","3.57","3.49","1.23","6.0","15.3","yes"
"Minnesota Twins","MIN","4.10","4.47","1.43","4.0","7.0","yes"
"New York Mets","NYM","3.90","4.12","1.22","4.0","13.3","yes"
"New York Yankees","NYY","4.18","3.34","1.26","0.0","16.7","yes"
"Philadelphia Phillies","PHI","3.77","4.19","1.31","8.0","13.0","yes"
"Pittsburgh Pirates","PIT","3.94","4.01","1.35","7.0","15.0","yes"
"San Diego Padres","SD","3.14","2.79","1.16","5.3","14.7","no"
"Seattle Mariners","SEA","4.33","4.32","1.36","5.7","12.3","yes"
"San Francisco Giants","SF","4.68","4.74","1.53","6.0","10.0","yes"
"St. Louis Cardinals","STL","4.25","4.40","1.35","3.0","12.3","yes"
"Tampa Bay Rays","TB","3.76","3.45","1.12","6.0","12.7","yes"
"Texas Rangers","TEX","5.02","5.06","1.50","4.7","12.7","yes"
"Toronto Blue Jays","TOR","3.94","3.22","1.24","7.0","13.0","yes"
"Washington Nationals","WSH","5.70","6.34","1.64","6.0","10.3","yes"
