"team","abbreviation","wrc_plus","woba","ops","runs_per_game","recent_runs_per_game"
"Athletics","ATH","98","0.318","0.719","4.31","4.14"
"Atlanta Braves","ATL","97","0.316","0.718","4.58","3.43"
"Arizona Diamondbacks","AZ","96","0.317","0.720","4.56","7.71"
"Baltimore Orioles","BAL","101","0.314","0.710","4.46","4.17"
"Boston Red Sox","BOS","104","0.317","0.717","4.25","1.71"
"Chicago Cubs","CHC","111","0.338","0.767","5.25","3.43"
"Cincinnati Reds","CIN","96","0.309","0.699","4.11","3.57"
"Cleveland Guardians","CLE","95","0.309","0.696","4.19","4.29"
"Colorado Rockies","COL","92","0.325","0.739","4.64","3.71"
"Chicago White Sox","CWS","101","0.321","0.726","4.79","7.29"
"Detroit Tigers","DET","99","0.318","0.720","4.46","3.86"
"Houston Astros","HOU","103","0.321","0.732","4.53","6.86"
"Kansas City Royals","KC","102","0.316","0.718","4.26","5.29"
"Los Angeles Angels","LAA","94","0.302","0.679","4.04","4.29"
"Los Angeles Dodgers","LAD","109","0.335","0.762","4.94","3.43"
"Miami Marlins","MIA","105","0.321","0.726","4.41","3.71"
"Milwaukee Brewers","MIL","107","0.328","0.744","5.14","4.71"
"Minnesota Twins","MIN","102","0.318","0.720","4.56","5.00"
"New York Mets","NYM","98","0.311","0.706","4.31","4.71"
"New York Yankees","NYY","100","0.317","0.720","4.59","4.29"
"Philadelphia Phillies","PHI","89","0.312","0.707","4.40","3.29"
"Pittsburgh Pirates","PIT","98","0.325","0.734","4.73","3.29"
"San Diego Padres","SD","97","0.317","0.717","4.46","5.57"
"Seattle Mariners","SEA","99","0.308","0.693","4.10","4.57"
"San Francisco Giants","SF","102","0.310","0.706","4.13","2.00"
"St. Louis Cardinals","STL","101","0.307","0.691","4.44","3.00"
"Tampa Bay Rays","TB","104","0.321","0.728","4.54","4.25"
"Texas Rangers","TEX","108","0.315","0.713","4.15","3.14"
"Toronto Blue Jays","TOR","91","0.306","0.691","4.00","3.71"
"Washington Nationals","WSH","105","0.326","0.744","5.07","3.71"
