"team","abbreviation","times_shorthanded"
"St. Louis Blues","STL",2.5
"Dallas Stars","DAL",2.5
"Chicago Blackhawks","CHI",2.8
"Calgary Flames","CGY",3
"Columbus Blue Jackets","CBJ",3
"Boston Bruins","BOS",3.2
"Winnipeg Jets","WPG",3.25
"Nashville Predators","NSH",3.25
"Minnesota Wild","MIN",3.25
"Toronto Maple Leafs","TOR",3.4
"Philadelphia Flyers","PHI",3.4
"Colorado Avalanche","COL",3.5
"San Jose Sharks","SJS",3.5
"Buffalo Sabres","BUF",3.5
"Vancouver Canucks","VAN",3.8
"Pittsburgh Penguins","PIT",4
"Vegas Golden Knights","VGK",4
"Los Angeles Kings","LAK",4.33
"Washington Capitals","WSH",4.33
"Anaheim Ducks","ANA",4.33
"Montreal Canadiens","MTL",4.5
"New York Rangers","NYR",4.6
"New York Islanders","NYI",4.75
"Seattle Kraken","SEA",4.75
"Edmonton Oilers","EDM",4.75
"New Jersey Devils","NJD",5
"Utah Hockey Club","UTA",5.2
"Tampa Bay Lightning","TBL",5.25
"Carolina Hurricanes","CAR",5.6
"Ottawa Senators","OTT",5.75
"Florida Panthers","FLA",6
"Detroit Red Wings","DET",6.33