"team","abbreviation","pp"
"Utah Mammoth","UTAH",71.4
"Pittsburgh Penguins","PIT",50
"Colorado Avalanche","COL",44.4
"Minnesota Wild","MIN",42.9
"Columbus Blue Jackets","CBJ",40
"Calgary Flames","CGY",33.3
"San Jose Sharks","SJS",33.3
"Vegas Golden Knights","VGK",33.3
"Winnipeg Jets","WPG",33.3
"Los Angeles Kings","LAK",28.6
"Nashville Predators","NSH",28.6
"New York Rangers","NYR",28.6
"Seattle Kraken","SEA",28.6
"Edmonton Oilers","EDM",25
"Washington Capitals","WSH",25
"Vancouver Canucks","VAN",20
"Carolina Hurricanes","CAR",18.8
"Toronto Maple Leafs","TOR",18.2
"New York Islanders","NYI",14.3
"Florida Panthers","FLA",7.7
"Anaheim Ducks","ANA",0
"Boston Bruins","BOS",0
"Buffalo Sabres","BUF",0
"Chicago Blackhawks","CHI",0
"Dallas Stars","DAL",0
"Detroit Red Wings","DET",0
"Montreal Canadiens","MTL",0
"New Jersey Devils","NJD",0
"Ottawa Senators","OTT",0
"Philadelphia Flyers","PHI",0
"St. Louis Blues","STL",0
"Tampa Bay Lightning","TBL",0