"team","abbreviation","off_yards"
"Los Angeles Rams","LAR",417.7
"Kansas City Chiefs","KC",416.3
"Chicago Bears","CHI",408
"Buffalo Bills","BUF",401.7
"San Francisco 49ers","SF",399.3
"Baltimore Ravens","BAL",398.6
"Carolina Panthers","CAR",392.7
"New Orleans Saints","NO",382.6
"Detroit Lions","DET",368.4
"Seattle Seahawks","SEA",367.7
"Atlanta Falcons","ATL",340.7
"Dallas Cowboys","DAL",330.3
"New York Jets","NYJ",329
"Houston Texans","HOU",326
"Cincinnati Bengals","CIN",323.3
"Green Bay Packers","GB",315.4
"Jacksonville Jaguars","JAX",314.3
"Washington Commanders","WSH",314
"Las Vegas Raiders","LV",311.7
"Los Angeles Chargers","LAC",308.7
"New England Patriots","NE",307
"Pittsburgh Steelers","PIT",303.4
"Arizona Cardinals","ARI",303
"Philadelphia Eagles","PHI",302.4
"Indianapolis Colts","IND",293.3
"Miami Dolphins","MIA",290.6
"Tampa Bay Buccaneers","TB",279.3
"Denver Broncos","DEN",275
"New York Giants","NYG",271.3
"Cleveland Browns","CLE",266
"Tennessee Titans","TEN",249.3
"Minnesota Vikings","MIN",238.3