"team","abbreviation","ppg"
"Buffalo Bills","BUF",31.8
"Dallas Cowboys","DAL",30.5
"San Francisco 49ers","SF",30.5
"Carolina Panthers","CAR",30.3
"Detroit Lions","DET",29.8
"Kansas City Chiefs","KC",29.5
"Baltimore Ravens","BAL",29
"Las Vegas Raiders","LV",28.8
"Chicago Bears","CHI",28
"New Orleans Saints","NO",27
"Seattle Seahawks","SEA",26.3
"Jacksonville Jaguars","JAX",26
"Indianapolis Colts","IND",25.5
"Cincinnati Bengals","CIN",24.3
"Washington Commanders","WSH",22
"Arizona Cardinals","ARI",21.8
"Minnesota Vikings","MIN",21.5
"Los Angeles Rams","LAR",21.3
"Houston Texans","HOU",21
"New York Giants","NYG",20.5
"Cleveland Browns","CLE",20.3
"Pittsburgh Steelers","PIT",19.3
"New York Jets","NYJ",19
"Tampa Bay Buccaneers","TB",19
"Philadelphia Eagles","PHI",18.8
"Denver Broncos","DEN",18.5
"Green Bay Packers","GB",18.3
"Atlanta Falcons","ATL",17
"Los Angeles Chargers","LAC",16.8
"New England Patriots","NE",16.3
"Tennessee Titans","TEN",13.8
"Miami Dolphins","MIA",11.5