"team","abbreviation","off_rtg"
"Denver Nuggets","DEN",121.1
"Boston Celtics","BOS",117.5
"New York Knicks","NY",117.1
"Oklahoma City Thunder","OKC",117
"San Antonio Spurs","SA",116.9
"Cleveland Cavaliers","CLE",116.5
"Houston Rockets","HOU",116.4
"Charlotte Hornets","CHA",116.2
"Los Angeles Lakers","LAL",115.6
"Detroit Pistons","DET",115.1
"Minnesota Timberwolves","MIN",115.1
"LA Clippers","LAC",114.8
"Miami Heat","MIA",113.9
"Atlanta Hawks","ATL",113.7
"Toronto Raptors","TOR",113.5
"Philadelphia 76ers","PHI",113.3
"Orlando Magic","ORL",112.8
"Golden State Warriors","GS",112.7
"New Orleans Pelicans","NO",112.7
"Phoenix Suns","PHX",112.5
"Utah Jazz","UTAH",112.1
"Portland Trail Blazers","POR",111.5
"Chicago Bulls","CHI",110.8
"Milwaukee Bucks","MIL",110.8
"Memphis Grizzlies","MEM",110.1
"Dallas Mavericks","DAL",109.5
"Sacramento Kings","SAC",109
"Indiana Pacers","IND",108.7
"Washington Wizards","WSH",108.5
"Brooklyn Nets","BKN",106.3