"team","abbreviation","three_pct"
"Denver Nuggets","DEN",39.6
"Milwaukee Bucks","MIL",38.7
"Charlotte Hornets","CHA",37.8
"New York Knicks","NY",37.3
"Atlanta Hawks","ATL",37.1
"Minnesota Timberwolves","MIN",37
"LA Clippers","LAC",36.8
"Boston Celtics","BOS",36.7
"Oklahoma City Thunder","OKC",36.5
"Houston Rockets","HOU",36.4
"Miami Heat","MIA",36.1
"Phoenix Suns","PHX",36.1
"Cleveland Cavaliers","CLE",36
"Los Angeles Lakers","LAL",35.9
"San Antonio Spurs","SA",35.9
"Washington Wizards","WSH",35.9
"Chicago Bulls","CHI",35.6
"Detroit Pistons","DET",35.6
"Golden State Warriors","GS",35.6
"Indiana Pacers","IND",35.6
"Toronto Raptors","TOR",35.4
"Memphis Grizzlies","MEM",35.3
"Philadelphia 76ers","PHI",34.9
"New Orleans Pelicans","NO",34.7
"Utah Jazz","UTAH",34.5
"Dallas Mavericks","DAL",34.4
"Orlando Magic","ORL",34.3
"Portland Trail Blazers","POR",34.3
"Brooklyn Nets","BKN",34
"Sacramento Kings","SAC",34