"team","abbreviation","allowed"
"Boston Celtics","BOS",107.2
"Oklahoma City Thunder","OKC",107.9
"Detroit Pistons","DET",109.6
"Houston Rockets","HOU",110
"New York Knicks","NY",110.1
"Phoenix Suns","PHX",111.1
"Charlotte Hornets","CHA",111.2
"San Antonio Spurs","SA",111.5
"Toronto Raptors","TOR",111.8
"LA Clippers","LAC",112.6
"Los Angeles Lakers","LAL",114.6
"Minnesota Timberwolves","MIN",114.6
"Orlando Magic","ORL",115.1
"Golden State Warriors","GS",115.2
"Cleveland Cavaliers","CLE",115.4
"Portland Trail Blazers","POR",115.8
"Brooklyn Nets","BKN",115.9
"Atlanta Hawks","ATL",116
"Philadelphia 76ers","PHI",116.1
"Milwaukee Bucks","MIL",116.8
"Denver Nuggets","DEN",116.9
"Miami Heat","MIA",118.5
"Dallas Mavericks","DAL",119.6
"New Orleans Pelicans","NO",120
"Indiana Pacers","IND",120.4
"Memphis Grizzlies","MEM",120.7
"Sacramento Kings","SAC",121
"Chicago Bulls","CHI",121.5
"Washington Wizards","WSH",124.9
"Utah Jazz","UTAH",126