"team","abbreviation","def_rtg"
"Oklahoma City Thunder","OKC",106.1
"Detroit Pistons","DET",107.2
"San Antonio Spurs","SA",108.8
"Boston Celtics","BOS",109.7
"New York Knicks","NY",110.7
"Toronto Raptors","TOR",110.7
"Phoenix Suns","PHX",111
"Houston Rockets","HOU",111.1
"Atlanta Hawks","ATL",111.3
"Charlotte Hornets","CHA",111.3
"Miami Heat","MIA",111.7
"Minnesota Timberwolves","MIN",111.8
"Portland Trail Blazers","POR",111.8
"Orlando Magic","ORL",112.2
"Cleveland Cavaliers","CLE",112.5
"Golden State Warriors","GS",113.3
"Philadelphia 76ers","PHI",113.5
"LA Clippers","LAC",113.7
"Los Angeles Lakers","LAL",113.8
"Dallas Mavericks","DAL",114.8
"Chicago Bulls","CHI",115.7
"Memphis Grizzlies","MEM",115.9
"Denver Nuggets","DEN",116
"Brooklyn Nets","BKN",116.3
"Indiana Pacers","IND",116.4
"Milwaukee Bucks","MIL",116.9
"New Orleans Pelicans","NO",117.1
"Sacramento Kings","SAC",118.8
"Utah Jazz","UTAH",120.1
"Washington Wizards","WSH",120.1