"team","abbreviation","fg_pct"
"Los Angeles Lakers","LAL",50.2
"Denver Nuggets","DEN",49.6
"Detroit Pistons","DET",48.5
"LA Clippers","LAC",48.4
"Oklahoma City Thunder","OKC",48.4
"San Antonio Spurs","SA",48.3
"Cleveland Cavaliers","CLE",48.2
"Toronto Raptors","TOR",48.2
"Minnesota Timberwolves","MIN",48.1
"Houston Rockets","HOU",47.9
"New York Knicks","NY",47.8
"Milwaukee Bucks","MIL",47.7
"Atlanta Hawks","ATL",47.4
"Chicago Bulls","CHI",46.9
"Miami Heat","MIA",46.8
"Boston Celtics","BOS",46.7
"Sacramento Kings","SAC",46.7
"Utah Jazz","UTAH",46.7
"Dallas Mavericks","DAL",46.6
"New Orleans Pelicans","NO",46.6
"Orlando Magic","ORL",46.4
"Washington Wizards","WSH",46.3
"Philadelphia 76ers","PHI",46.2
"Golden State Warriors","GS",46.1
"Charlotte Hornets","CHA",46
"Indiana Pacers","IND",45.8
"Memphis Grizzlies","MEM",45.6
"Phoenix Suns","PHX",45.5
"Portland Trail Blazers","POR",45.3
"Brooklyn Nets","BKN",44.3