"team","abbreviation","gsax60"
"New York Islanders","NYI",1.61
"Washington Capitals","WSH",1.38
"New York Rangers","NYR",1.11
"Ottawa Senators","OTT",1.02
"Toronto Maple Leafs","TOR",0.95
"Minnesota Wild","MIN",0.95
"Dallas Stars","DAL",0.9
"Winnipeg Jets","WPG",0.84
"Boston Bruins","BOS",0.82
"Nashville Predators","NSH",0.71
"Florida Panthers","FLA",0.64
"Seattle Kraken","SEA",0.54
"Tampa Bay Lightning","TBL",0.49
"Philadelphia Flyers","PHI",0.48
"San Jose Sharks","SJS",0.47
"Detroit Red Wings","DET",0.17
"Pittsburgh Penguins","PIT",-0.06
"St. Louis Blues","STL",-0.06
"Anaheim Ducks","ANA",-0.12
"Utah Hockey Club","UTA",-0.22
"Carolina Hurricanes","CAR",-0.22
"Vegas Golden Knights","VGK",-0.3
"Colorado Avalanche","COL",-0.37
"Chicago Blackhawks","CHI",-0.66
"Columbus Blue Jackets","CBJ",-0.73
"New Jersey Devils","NJD",-1.05
"Montreal Canadiens","MTL",-1.23
"Buffalo Sabres","BUF",-1.37
"Vancouver Canucks","VAN",-1.43
"Edmonton Oilers","EDM",-1.54
"Calgary Flames","CGY",-1.95
"Los Angeles Kings","LAK",-2.32