"team","abbreviation","xgf60"
"Tampa Bay Lightning","TBL",4.12
"Vegas Golden Knights","VGK",3.93
"Carolina Hurricanes","CAR",3.86
"New Jersey Devils","NJD",3.63
"Utah Hockey Club","UTA",3.62
"Buffalo Sabres","BUF",3.58
"Pittsburgh Penguins","PIT",3.56
"New York Rangers","NYR",3.55
"Detroit Red Wings","DET",3.43
"Edmonton Oilers","EDM",3.4
"Ottawa Senators","OTT",3.3
"Colorado Avalanche","COL",3.26
"Toronto Maple Leafs","TOR",3.22
"Washington Capitals","WSH",3.2
"Dallas Stars","DAL",3.2
"Winnipeg Jets","WPG",3.08
"Montreal Canadiens","MTL",3
"Florida Panthers","FLA",2.93
"Boston Bruins","BOS",2.89
"Los Angeles Kings","LAK",2.88
"New York Islanders","NYI",2.85
"St. Louis Blues","STL",2.82
"Minnesota Wild","MIN",2.79
"Columbus Blue Jackets","CBJ",2.78
"Anaheim Ducks","ANA",2.76
"Seattle Kraken","SEA",2.71
"Vancouver Canucks","VAN",2.48
"Nashville Predators","NSH",2.47
"Chicago Blackhawks","CHI",2.41
"Calgary Flames","CGY",2.31
"San Jose Sharks","SJS",2.25
"Philadelphia Flyers","PHI",1.93