"team","abbreviation","xga60"
"Minnesota Wild","MIN",1.51
"Pittsburgh Penguins","PIT",1.56
"Utah Hockey Club","UTA",1.69
"Carolina Hurricanes","CAR",1.77
"New Jersey Devils","NJD",1.79
"Boston Bruins","BOS",2.01
"Vegas Golden Knights","VGK",2.01
"Edmonton Oilers","EDM",2.41
"Seattle Kraken","SEA",2.53
"Montreal Canadiens","MTL",2.6
"New York Islanders","NYI",2.69
"Buffalo Sabres","BUF",2.75
"Florida Panthers","FLA",2.86
"Colorado Avalanche","COL",2.9
"Columbus Blue Jackets","CBJ",2.91
"New York Rangers","NYR",3.01
"Nashville Predators","NSH",3.05
"Toronto Maple Leafs","TOR",3.07
"Los Angeles Kings","LAK",3.36
"Vancouver Canucks","VAN",3.46
"Calgary Flames","CGY",3.73
"San Jose Sharks","SJS",3.79
"Tampa Bay Lightning","TBL",3.89
"Chicago Blackhawks","CHI",4.08
"Philadelphia Flyers","PHI",4.23