"team","abbreviation","hdcf60"
"Colorado Avalanche","COL",4
"New York Rangers","NYR",4
"Columbus Blue Jackets","CBJ",4
"Vegas Golden Knights","VGK",4
"Edmonton Oilers","EDM",3.93
"Utah Hockey Club","UTA",3
"Pittsburgh Penguins","PIT",3
"Montreal Canadiens","MTL",3
"Vancouver Canucks","VAN",2.95
"New Jersey Devils","NJD",2.84
"Carolina Hurricanes","CAR",2.77
"San Jose Sharks","SJS",1.9
"Toronto Maple Leafs","TOR",1.5
"New York Islanders","NYI",1
"Buffalo Sabres","BUF",1
"Seattle Kraken","SEA",1
"Boston Bruins","BOS",1
"Minnesota Wild","MIN",1
"Florida Panthers","FLA",0.94
"Chicago Blackhawks","CHI",0.5
"Philadelphia Flyers","PHI",0.49
"Los Angeles Kings","LAK",0
"Tampa Bay Lightning","TBL",0
"Calgary Flames","CGY",0
"Nashville Predators","NSH",0