"team","abbreviation","pace"
"Miami Heat","MIA",106.1
"Chicago Bulls","CHI",105
"Utah Jazz","UTAH",104.9
"Atlanta Hawks","ATL",104.2
"Dallas Mavericks","DAL",104.2
"Memphis Grizzlies","MEM",104.1
"Washington Wizards","WSH",104
"Portland Trail Blazers","POR",103.6
"Indiana Pacers","IND",103.4
"Cleveland Cavaliers","CLE",102.6
"Orlando Magic","ORL",102.6
"Minnesota Timberwolves","MIN",102.5
"New Orleans Pelicans","NO",102.5
"San Antonio Spurs","SA",102.5
"Detroit Pistons","DET",102.3
"Philadelphia 76ers","PHI",102.3
"Sacramento Kings","SAC",101.8
"Golden State Warriors","GS",101.7
"Oklahoma City Thunder","OKC",101.7
"Toronto Raptors","TOR",101
"Denver Nuggets","DEN",100.8
"Los Angeles Lakers","LAL",100.7
"Phoenix Suns","PHX",100.1
"Charlotte Hornets","CHA",99.9
"Milwaukee Bucks","MIL",99.9
"Brooklyn Nets","BKN",99.6
"New York Knicks","NY",99.4
"LA Clippers","LAC",99.1
"Houston Rockets","HOU",99
"Boston Celtics","BOS",97.7