"team","abbreviation","three_rate"
"Golden State Warriors","GS",0.5
"Charlotte Hornets","CHA",0.49
"Boston Celtics","BOS",0.47
"Portland Trail Blazers","POR",0.47
"Milwaukee Bucks","MIL",0.46
"Brooklyn Nets","BKN",0.45
"Phoenix Suns","PHX",0.45
"Chicago Bulls","CHI",0.44
"Cleveland Cavaliers","CLE",0.44
"Memphis Grizzlies","MEM",0.44
"Atlanta Hawks","ATL",0.43
"New York Knicks","NY",0.43
"Oklahoma City Thunder","OKC",0.43
"Indiana Pacers","IND",0.42
"Minnesota Timberwolves","MIN",0.42
"San Antonio Spurs","SA",0.42
"Denver Nuggets","DEN",0.41
"Miami Heat","MIA",0.41
"LA Clippers","LAC",0.4
"Utah Jazz","UTAH",0.4
"Washington Wizards","WSH",0.4
"Los Angeles Lakers","LAL",0.39
"Orlando Magic","ORL",0.39
"Philadelphia 76ers","PHI",0.39
"Dallas Mavericks","DAL",0.36
"New Orleans Pelicans","NO",0.36
"Toronto Raptors","TOR",0.36
"Detroit Pistons","DET",0.35
"Houston Rockets","HOU",0.35
"Sacramento Kings","SAC",0.34